,name,x,y
0,garlic,-30.057476,16.322317
1,pepper,-30.091671,16.851906
2,butter,48.461143,-41.02235
3,onion,-40.347412,12.658429
4,egg,49.27624,-24.598276
5,wheat,33.352863,-48.71434
6,salt,-15.885205,20.056845
7,milk,45.695827,-35.07089
8,chicken,-30.09679,17.217361
9,cream,20.930996,-49.163227
10,cheese,-39.9851,-29.545485
11,olive,-20.646,-25.576124
12,tomato,-39.37689,5.8570976
13,vanilla,59.730682,-30.203264
14,vegetable_oil,65.12699,19.21792
15,cayenne,-36.97698,11.543705
16,corn,-20.296867,42.836376
17,olive_oil,65.110535,20.893124
18,black_pepper,66.028465,23.070765
19,vinegar,-45.54299,26.085869
20,rice,9.848407,38.217457
21,ginger,19.670782,37.105515
22,lemon,-6.418256,1.4361383
23,parsley,-15.662972,-34.777603
24,cinnamon,20.731966,-0.7039564
25,cilantro,-51.008877,27.433847
26,soy_sauce,-1.220565,51.69362
27,onions,-40.318905,12.633355
28,beef,-27.02842,33.564003
29,cumin,-69.67828,6.2562833
30,cane_molasses,65.75087,18.478434
31,water,31.423851,34.36087
32,vegetable,-16.396666,32.868343
33,basil,-33.7528,-42.360046
34,bread,-18.255262,-32.20941
35,sugar,58.603664,-37.860695
36,lime,-50.00277,28.161848
37,oregano,-41.860214,-20.410757
38,mustard,13.192616,4.668826
39,bell_pepper,67.04664,22.227804
40,celery,-30.21295,4.6758566
41,thyme,-8.310641,-25.996428
42,cocoa,60.62126,-27.699556
43,lemon_juice,65.84283,16.940157
44,wine,9.517931,-28.619102
45,all_purpose_flour,34.195057,-47.727097
46,pork,-17.979052,40.00875
47,scallion,63.36962,19.975573
48,yeast,40.76209,-26.595604
49,potato,9.542216,-5.5651927
50,coconut,14.764885,38.04158
51,shrimp,-12.431238,-1.6457567
52,honey,33.28497,-7.6224527
53,fish,13.011598,45.68638
54,coriander,10.791206,11.994014
55,sesame_oil,-1.907763,51.297302
56,carrot,66.02699,24.959255
57,nutmeg,20.237553,-42.348183
58,bay,-6.776591,-9.944065
59,mushroom,74.35606,24.248808
60,orange,36.491318,-7.3793664
61,chicken_broth,66.70039,21.165508
62,eggs,53.199165,-43.912502
63,bacon,-27.56673,-50.925076
64,lard,70.50669,7.89594
65,macaroni,75.78232,20.988392
66,parmesan_cheese,73.431015,23.598976
67,kosher_salt,-16.448046,20.74728
68,green_onions,-34.980885,40.21157
69,tomatoes,-42.765816,5.8949184
70,cheddar_cheese,71.463585,21.431204
71,large_eggs,53.281116,-43.74999
72,cucumber,-29.163921,47.809456
73,apple,59.96234,-2.429682
74,cream_cheese,73.1612,17.746204
75,carrots,-7.90952,12.891038
76,walnut,70.02438,3.872221
77,rosemary,-10.649905,-30.548145
78,starch,64.24166,13.507959
79,buttermilk,37.853638,-35.131184
80,almond,68.73279,0.07858515
81,green_bell_pepper,69.10792,22.962267
82,bean,-3.5026,44.91646
83,pecan,70.06426,3.8995984
84,mint,20.035664,42.78612
85,lettuce,-50.843006,7.595998
86,turmeric,12.651575,11.687971
87,cabbage,-16.97667,44.760468
88,white_wine,64.35548,22.427921
89,yogurt,18.243935,7.274038
90,chili_powder,-69.66138,7.9312143
91,zucchini,-19.296192,12.405582
92,pineapple,56.419662,0.8839001
93,oil,4.265172,30.849104
94,ham,-27.570404,-50.924286
95,avocado,-60.426384,6.4479265
96,raisin,67.623604,9.007834
97,scallions,-34.771267,40.532585
98,tamarind,68.19577,31.900265
99,baking_powder,43.40469,-33.906986
100,jalapeno_chilies,-56.15397,28.09461
101,orange_juice,64.955734,10.632152
102,diced_tomatoes,-41.82586,3.3126805
103,cherry,21.520079,-13.585902
104,fennel,-8.156411,-12.200212
105,dill,-21.81073,-46.27418
106,gelatin,54.42436,-18.967495
107,turkey,-53.856724,-31.385393
108,brown_sugar,30.079857,-11.914581
109,cooking_spray,-55.494576,-34.609287
110,cider,19.193554,-7.582476
111,shallots,-4.448727,-21.211908
112,lime_juice,62.47443,15.693582
113,broccoli,47.623264,28.308641
114,red_wine,64.01959,22.867132
115,peanut,15.764571,53.425797
116,sage,-10.119257,-30.799187
117,pork_sausage,70.49841,25.651882
118,flour,34.053276,-47.895615
119,seed,66.70792,13.905626
120,chive,55.382843,22.163586
121,mozzarella_cheese,72.22335,22.958176
122,paprika,-18.887354,7.399516
123,oat,70.72291,9.078579
124,meat,66.94182,28.810244
125,sherry,9.647402,-28.678658
126,pea,63.107574,18.532263
127,leaf,-15.657228,-34.76446
128,canola_oil,-16.61513,32.860348
129,nut,65.24545,15.388529
130,plum,-41.92438,5.3535748
131,shallot,62.021866,25.562387
132,shiitake,-7.369761,50.800446
133,cardamom,15.484505,9.270675
134,strawberry,59.870914,3.0323544
135,white_sugar,58.609905,-38.602047
136,banana,62.75011,-1.1735773
137,lamb,5.5007343,2.3733616
138,soybean,59.481583,18.575583
139,fenugreek,15.163156,13.966618
140,potatoes,9.2489,-3.5541687
141,squash,-19.413853,12.484862
142,celery_oil,68.46676,24.395082
143,peanut_butter,71.55664,12.325682
144,pumpkin,60.784447,34.544357
145,sake,-13.025099,62.6604
146,tabasco_pepper,68.33977,23.48435
147,salsa,-63.4999,-0.7354784
148,coffee,60.585297,-27.096762
149,milk_fat,73.562164,17.139011
150,cranberry,63.617943,8.730208
151,baking_soda,44.188877,-33.40652
152,sea_salt,-15.02097,20.442038
153,garam_masala,14.953599,11.398696
154,black_beans,-63.860558,5.0713243
155,flour_tortillas,-65.15795,1.7927755
156,oyster,-2.5616164,46.80531
157,granulated_sugar,58.553303,-37.53938
158,apricot,71.27973,-0.19948745
159,raspberry,59.61119,2.9372401
160,rum,58.06327,-17.662813
161,beef_broth,66.50747,26.669998
162,grape_juice,63.27126,23.14275
163,asparagus,47.747425,28.1649
164,crab,46.45909,17.483244
165,mayonaise,-34.75564,-8.814346
166,green_chilies,20.47757,21.813286
167,salmon,49.639523,24.065668
168,tumeric,12.502369,11.590644
169,mango,48.382816,5.467106
170,whole_grain_wheat_flour,67.59353,11.711458
171,saffron,-7.328007,-4.713304
172,tarragon,-5.1160707,-28.130913
173,lemon_peel,63.54381,11.427173
174,marjoram,-10.310581,-31.472048
175,curry_powder,5.400865,12.599706
176,worcestershire_sauce,-34.011566,13.525669
177,sesame_seeds,-3.6193523,61.22207
178,hot_sauce,-33.218395,12.1622305
179,sesame_seed,60.60701,18.032433
180,red_chili_peppers,12.053571,31.670904
181,grape,21.469503,-13.579687
182,tuna,48.63371,24.276493
183,cauliflower,12.555009,18.40912
184,clove,16.72742,-0.3382859
185,feta_cheese,61.623177,22.677277
186,anise,1.3933837,38.3348
187,clam,49.04761,18.881468
188,maple_syrup,62.93677,-7.036744
189,fruit,64.16832,-1.1383203
190,peach,59.927734,0.56362045
191,beer,-54.497597,13.793908
192,roasted_sesame_seed,55.154335,16.659338
193,coarse_salt,-17.072807,20.360912
194,mushrooms,-13.216343,8.727576
195,warm_water,39.600998,-24.973541
196,orange_peel,63.969425,10.347781
197,brandy,13.616345,-32.168045
198,artichoke,-32.15888,-25.363968
199,capers,-22.082539,-18.387352
200,pear,57.309654,5.396382
201,radish,54.983875,16.565054
202,swiss_cheese,71.903564,21.228249
203,horseradish,-31.0212,-8.911516
204,sweet_potato,60.026188,33.678993
205,cold_water,30.975441,34.647354
206,mirin,-12.811578,61.58017
207,powdered_sugar,59.380493,-31.630003
208,eggplant,-24.155725,19.715357
209,lemongrass,14.08108,43.45131
210,smoke,72.79479,28.0539
211,cooking_oil,4.141315,31.066723
212,black_bean,70.90403,31.242466
213,sliced_green_onions,-35.277973,39.757187
214,blueberry,61.022415,2.3296835
215,raisins,28.264336,-41.337624
216,sauce,-36.223804,29.090324
217,chickpea,29.190994,22.535465
218,sweet_potatoes,35.582207,-40.65424
219,beansprouts,7.8282557,47.220943
220,crushed_tomatoes,-40.50121,3.566215
221,black_peppercorns,16.57742,-0.56030786
222,date,70.60551,-0.15633836
223,kidney_bean,70.26194,30.61825
224,leeks,-3.054544,-17.690065
225,cashew,8.941016,18.034555
226,okra,-27.366625,2.457889
227,ketchup,-34.31936,14.099198
228,hoisin_sauce,1.6020075,46.557564
229,light_brown_sugar,29.958826,-12.788049
230,whiskey,63.359753,-8.760642
231,leek,61.75812,27.594242
232,smoked_sausage,-29.285131,2.5971406
233,spring_onions,15.10543,32.142212
234,peanuts,14.985644,52.123425
235,chickpeas,4.8817325,3.8968308
236,blue_cheese,60.516224,23.693548
237,confectioners_sugar,59.402824,-31.520643
238,italian_seasoning,-42.441013,-37.828556
239,veal,-7.7555494,-31.03333
240,frozen_peas,-1.500139,9.994476
241,cajun_seasoning,-28.973688,-0.19144182
242,ground_cloves,20.75941,-2.3072872
243,white_bread,69.11071,18.36742
244,cornmeal,-3.3867195,-46.01129
245,spinach,-23.17559,15.08579
246,ground_allspice,22.507471,-3.8633685
247,hot_water,32.74127,33.550495
248,boiling_water,32.84183,33.48791
249,spaghetti,-27.121786,-38.188267
250,cottage_cheese,73.070335,18.678146
251,pinenuts,-21.495749,-32.53262
252,smoked_paprika,-18.83943,7.4050555
253,green_beans,-7.5868654,6.0964866
254,brown_rice,67.46176,19.411444
255,half_&_half,21.142937,-49.08529
256,pimento,-34.57615,-48.350895
257,tomatillos,-62.01734,20.865915
258,pasta,-28.578075,-38.52358
259,chiles,-53.867733,30.18933
260,mandarin,56.636127,1.2097747
261,dark_brown_sugar,29.748287,-12.379303
262,caraway,8.647195,-15.226334
263,cured_pork,71.73612,24.386213
264,squid,48.66693,19.836359
265,hazelnut,70.61658,3.0416214
266,egg_noodle,75.63103,20.904299
267,ghee,16.739925,10.489663
268,green_chile,-54.631405,2.5256917
269,tortilla_chips,-64.60415,2.0028396
270,currant,71.13816,-1.5927484
271,kale,-20.638521,13.209728
272,serrano_chile,-53.43417,30.841263
273,tequila,44.59057,-1.9219378
274,chopped_tomatoes,-42.253403,6.4454117
275,sriracha,2.393111,46.940487
276,enchilada_sauce,-63.574604,-2.0325873
277,toasted_sesame_seeds,-3.727337,61.060097
278,barley,61.352135,30.16707
279,fine_sea_salt,-15.011797,21.013655
280,cod,49.863647,21.675556
281,prosciutto,-22.20794,-35.18383
282,chopped_pecans,45.885582,-39.44224
283,radishes,-48.969685,23.646864
284,juice,-20.10154,20.858204
285,creole_seasoning,-28.890917,-0.17986108
286,lentil,29.219381,22.545635
287,romano_cheese,73.05856,23.928946
288,fresh_mushrooms,-14.168423,8.13784
289,taco_seasoning,-62.291218,-4.744197
290,baguette,-37.539234,-20.897825
291,tea,46.954178,-3.0543542
292,scallop,50.440598,18.58727
293,andouille_sausage,-28.05616,1.2538773
294,pasta_sauce,-41.967026,-35.877277
295,russet_potatoes,7.9434147,-5.851883
296,peaches,55.40961,-14.392151
297,goat_cheese,61.614243,23.127325
298,flank_steak,-26.806805,39.349052
299,baby_spinach,-23.022024,15.607857
300,chinese_five_spice_powder,1.1460457,46.131046
301,refried_beans,-61.355553,-2.381867
302,linguine,-25.911497,-39.013107
303,yoghurt,18.494217,8.494654
304,seaweed,-9.99496,64.32968
305,pistachio,68.173325,-0.42934406
306,sliced_mushrooms,-13.77515,8.3832855
307,watercress,55.69946,26.181398
308,diced_onions,-40.0586,12.201165
309,golden_raisins,28.096855,-41.615295
310,roasted_red_peppers,-32.83109,-23.969975
311,beet,58.152546,25.843737
312,lasagna_noodles,-38.88971,-36.745884
313,monterey_jack,-65.18458,-0.58376557
314,fresh_spinach,-24.031559,15.612291
315,marinara_sauce,-42.5094,-35.843826
316,shortening,48.363525,-38.411854
317,black_olives,-54.350033,-17.906311
318,roma_tomatoes,-43.877472,5.740141
319,chopped_fresh_chives,-2.5945234,-30.865767
320,frozen_chopped_spinach,-45.535816,-34.575634
321,corn_flake,70.81273,16.343939
322,noodles,-6.4057374,52.41042
323,bananas,54.209488,-33.626614
324,thai_chile,11.936959,49.091843
325,tortillas,-66.04091,2.6269827
326,roasted_beef,66.469604,27.15714
327,red_chili_powder,20.779871,20.977306
328,porcini,-8.120289,-30.022707
329,margarine,48.244675,-40.69813
330,curry_leaves,18.223795,19.225615
331,strawberries,52.23458,-14.664146
332,cereal,71.47164,9.861864
333,yukon_gold_potatoes,7.9406877,-5.6321044
334,turnip,60.594368,28.531155
335,sauerkraut,8.036869,-15.426668
336,green_peas,-1.9902204,10.558243
337,peanut_oil,62.937576,17.73938
338,baking_potatoes,7.914209,-6.357827
339,firm_tofu,0.6711031,55.937973
340,chives,-2.574845,-31.769249
341,water_chestnuts,-5.5549874,41.625412
342,pitted_kalamata_olives,-23.951246,-16.250631
343,cannellini_beans,-13.309981,-21.965729
344,kelp,-10.530418,65.11426
345,wasabi,-9.271636,63.470795
346,vegetables,4.758793,29.577944
347,catfish,-30.574526,-4.3566766
348,mace,27.995995,14.777058
349,black_eyed_peas,-29.029339,9.186979
350,kalamata,-23.998413,-16.142776
351,palm,14.576189,44.60801
352,almonds,28.346231,-37.964005
353,lobster,48.868233,18.071365
354,chipotles_in_adobo,-66.54958,20.255146
355,self_rising_flour,41.519875,-36.19994
356,peas,-1.8160611,9.718436
357,rhubarb,62.531116,1.2552104
358,couscous,3.1922145,1.9776757
359,melon,50.136654,5.912317
360,anchovy_fillets,-21.139954,-18.277235
361,sliced_almonds,26.091307,-37.28433
362,chili,-54.665215,29.517849
363,sausages,-46.596207,-23.082748
364,guacamole,-63.47757,1.1140891
365,grits,-14.489183,-42.903496
366,snow_peas,-3.2247531,50.408096
367,taco_seasoning_mix,-62.12229,-5.131309
368,mussels,-12.069401,-4.713302
369,berry,61.690903,3.427142
370,cake_flour,43.40657,-28.713306
371,all_purpose_unbleached_flour,38.14751,-27.183813
372,penne_pasta,-27.661875,-39.94827
373,pancetta,-13.889894,-29.544544
374,arugula,-25.177948,-21.224016
375,green_olives,1.2966855,-3.3918066
376,tomato_juice,68.774376,30.88953
377,stewed_tomatoes,-42.529633,2.152426
378,grapefruit,50.958626,7.1203647
379,blackberry,62.31203,1.7411317
380,fig,71.669754,1.1470721
381,citrus,64.90613,-1.8232093
382,pinto_beans,-64.06612,4.3738675
383,spices,3.6648185,27.32459
384,jasmine,10.570651,38.69987
385,collard_greens,-28.439428,9.245166
386,provolone_cheese,71.8073,23.56176
387,slivered_almonds,27.128933,-37.53809
388,apples,30.557247,-25.57099
389,semisweet_chocolate,56.4666,-23.93539
390,roasted_peanut,71.49149,12.499535
391,ice_water,43.887543,-36.450874
392,button_mushrooms,-11.353863,9.046166
393,mussel,49.715767,18.832432
394,endive,56.110107,25.977787
395,corn_grit,71.37703,26.919071
396,sliced_black_olives,-54.45361,-17.665062
397,chinese_cabbage,57.438053,19.884676
398,sun_dried_tomatoes,-30.820547,-29.569338
399,cognac,13.54704,-32.059998
400,kidney_beans,-47.333786,-1.7219813
401,fettucine,-25.722973,-39.300747
402,wonton_wrappers,-12.512611,44.581593
403,chili_flakes,10.811419,31.910059
404,shredded_carrots,-23.782148,51.512447
405,bourbon_whiskey,63.35522,-8.370871
406,roasted_peanuts,14.940817,52.147236
407,watermelon,50.19262,6.22085
408,olives,-54.73655,-19.50904
409,chicory,57.68029,25.108263
410,poblano_chiles,-62.01857,17.893341
411,plain_flour,31.52736,-19.503128
412,_drain,-59.915478,-15.219846
413,chipotle_chile,-65.9129,20.625042
414,daikon,6.4303875,51.539528
415,mascarpone,54.27715,-21.452612
416,lima_bean,70.36617,29.78886
417,peppermint,56.378445,-21.35916
418,garbanzo_beans,4.806991,4.234365
419,polenta,-30.835064,-40.93156
420,fresh_tomatoes,-43.760063,6.5186663
421,chili_sauce,4.4133487,46.468777
422,savory,-10.204389,-33.454014
423,crme_frache,4.981127,-31.992964
424,peppercorns,8.3613405,22.904207
425,pecans,33.5914,-37.681816
426,panko_breadcrumbs,-36.237633,32.220654
427,lovage,46.28442,17.362202
428,gochujang_base,-18.462301,51.558495
429,szechwan_peppercorns,-1.434985,41.960533
430,kiwi,56.85997,4.6495204
431,queso_fresco,-61.35934,17.171879
432,bittersweet_chocolate,57.413017,-25.537289
433,parsnip,61.413357,28.352324
434,cotija,-59.93548,15.667599
435,cremini_mushrooms,-11.378375,7.4409823
436,italian_sausage,-42.44585,-39.352844
437,seasoning,-43.64025,-1.7660264
438,extra_firm_tofu,1.1474601,56.481426
439,bamboo_shoots,-5.4893327,43.383465
440,rye_flour,55.328552,8.571851
441,tofu,0.09411834,54.804207
442,salsa_verde,-62.31702,16.395905
443,sweet_paprika,-17.975971,7.0334873
444,pimentos,-22.585674,-8.242064
445,seasoning_salt,-5.9321146,-44.213966
446,seeds,21.977007,14.511093
447,caster_sugar,16.876934,31.580206
448,ice_cubes,45.84818,-4.2885523
449,allspice,22.646452,-4.0720606
450,chopped_walnuts,30.428516,-31.499025
451,dashi,-12.888253,57.849922
452,whole_peeled_tomatoes,-39.937584,3.6292443
453,thai_red_curry_paste,12.644422,40.229816
454,barbecue_sauce,-45.026016,13.963549
455,roasted_pork,68.21523,27.887655
456,chili_paste,1.6888268,52.970695
457,red_curry_paste,13.259393,40.22178
458,chillies,13.069059,31.35255
459,chile_powder,-69.700424,8.802978
460,granny_smith_apples,25.425,-22.417017
461,poblano_peppers,-58.10458,12.327799
462,gingerroot,19.675642,37.136
463,bok_choy,-3.8187418,50.67703
464,pesto,-34.387386,-35.67039
465,crawfish,-28.47651,-1.5353031
466,pizza_doughs,-32.92179,-28.330826
467,quinoa,-36.733055,24.960913
468,buckwheat,-18.775158,57.91641
469,sea_scallops,-14.542942,-5.125024
470,walnuts,29.108017,-31.081512
471,penne,-29.516977,-39.773457
472,turnips,4.9437957,-12.581076
473,fresh_chives,-2.6507683,-30.961994
474,kimchi,-18.573038,52.070377
475,sweet_chili_sauce,5.2526135,47.24439
476,popcorn,72.19253,10.682647
477,ice,45.24086,-4.8635993
478,paneer,22.00563,19.967165
479,red_lentils,6.4225044,7.9934306
480,chili_oil,-2.9983346,42.78552
481,brassica,58.143818,24.158886
482,sausage_casings,-43.38257,-40.72027
483,green_tomatoes,-5.897042,-47.58701
484,diced_green_chilies,-64.6539,-3.582215
485,frozen_pastry_puff_sheets,7.95504,-34.53631
486,beets,8.853566,-11.703297
487,curry_paste,14.709517,37.604782
488,whole_kernel_corn,-59.985027,-14.927979
489,enokidake,56.903656,18.236618
490,papaya,48.89647,5.6460443
491,molasses,29.020939,-11.509513
492,sunflower_oil,13.751874,28.388823
493,freshly_grated_parmesan,-31.808252,-35.93142
494,ricotta,-34.55741,-38.397015
495,dough,5.8060975,-39.681595
496,serrano_peppers,-56.097923,28.059986
497,swiss_chard,-10.345009,-23.27619
498,bow_tie_pasta,-27.507738,-39.698864
499,chorizo_sausage,-35.36476,8.09456
500,dried_red_chile_peppers,14.313798,19.72563
501,cornflour,15.7982,31.8789
502,baby_spinach_leaves,-23.080923,16.89262
503,macadamia_nut,68.90163,5.762811
504,rose,34.3895,7.467171
505,sliced_carrots,-7.927754,12.932758
506,beans,-63.432064,-8.945508
507,hazelnuts,26.373314,-31.441992
508,lime_peel_oil,58.51752,10.142771
509,clams,-11.522291,-4.6943693
510,masa_harina,-64.30128,18.666761
511,boiling_potatoes,9.142963,-3.4768624
512,truffle,-7.5289693,-29.47563
513,smoked_salmon,53.42699,21.894167
514,pears,29.542025,-25.880108
515,fresh_mozzarella,-29.537384,-27.7502
516,broth,-2.5039659,28.08906
517,greens,-3.43314,26.642353
518,champagne_wine,51.600185,8.10424
519,malt,24.440275,-4.136494
520,nori,-9.510025,62.26744
521,dried_currants,28.011831,-41.97932
522,red_kidney_beans,-30.60017,7.9512897
523,adobo_sauce,-66.81344,20.160488
524,blanched_almonds,27.57021,-38.456043
525,leaves,7.00825,26.064785
526,yam,59.75181,33.654964
527,firmly_packed_brown_sugar,30.474722,-13.597969
528,fresh_raspberries,51.972065,-16.364752
529,ripe_olives,-53.89572,-15.8074875
530,fat,-13.757006,14.839552
531,prawns,13.51158,33.719723
532,star_anise,61.05385,13.06708
533,brussels_sprout,59.266335,25.422686
534,angel_hair,-26.608252,-41.010853
535,orzo,-23.95524,-30.779646
536,blackberries,53.162354,-15.531048
537,rye_bread,70.00549,19.623426
538,stock,-2.4559548,28.359095
539,root,52.329575,31.711996
540,rolls,-37.896767,-19.441885
541,jicama,-45.920006,19.373022
542,lentils,7.460236,5.77793
543,amchur,20.695686,18.351645
544,herbs,-3.9694412,18.550325
545,thai_pepper,62.627445,16.848476
546,tomatoes_with_juice,-41.482586,2.818436
547,baby_bok_choy,-4.833291,49.78768
548,quickcooking_grits,-14.474604,-42.917526
549,white_cornmeal,-4.622872,-45.727123
550,galangal,13.720274,43.123642
551,asiago,-30.186056,-31.165203
552,pearl_onions,-0.4602033,-23.26175
553,anise_seed,66.092834,10.889706
554,gin,41.05203,-9.509318
555,chervil,-5.0350175,-28.227665
556,panko,-36.23153,32.312687
557,bitter_orange,60.98705,5.701987
558,golden_brown_sugar,36.219337,-17.36593
559,lavender,-10.143788,-33.894493
560,wheat_bread,69.085526,18.364468
561,agave_nectar,-0.09807368,59.583866
562,raspberries,51.232933,-15.893222
563,marinade,2.794178,51.845848
564,serrano_chilies,-53.287426,31.137278
565,pizza_sauce,-45.99386,-38.386223
566,liver,-6.5911903,-32.48411
567,crabmeat,-18.930542,1.0089788
568,pico_de_gallo,-63.06475,1.267659
569,canned_black_beans,-63.43575,5.7669144
570,table_salt,-17.758402,19.819204
571,grapeseed_oil,-23.608774,44.311516
572,white_beans,-12.220373,-22.44428
573,ancho_powder,-55.78063,16.18467
574,tangerine,36.551865,-2.224862
575,sweet_italian_sausage,-41.894115,-39.188023
576,fillets,-29.914238,23.721836
577,semi_sweet_chocolate_morsels,57.915558,-28.33565
578,hominy,-59.84313,22.25421
579,chees_fresh_mozzarella,-29.2652,-27.163073
580,whole_cloves,17.333927,-2.9574125
581,white_sesame_seeds,-6.724688,61.65874
582,oatmeal,63.729282,1.6886979
583,canned_tomatoes,-42.831066,4.127807
584,artichokes,-16.755,-24.530355
585,vodka,45.924927,-9.145444
586,ranch_dressing,-54.048702,-4.8262258
587,tilapia_fillets,-29.59629,26.178213
588,miso_paste,-15.765179,58.96163
589,skirt_steak,-27.901846,40.02778
590,peeled_tomatoes,-41.01445,4.449152
591,asafoetida,18.834766,18.058022
592,superfine_sugar,46.33943,-17.16103
593,baby_carrots,-7.7451477,11.649302
594,spinach_leaves,-24.120869,15.253294
595,refrigerated_piecrusts,43.646782,-43.196266
596,white_miso,-14.309123,60.521835
597,red_food_coloring,31.724806,4.385461
598,chunky_salsa,-60.502815,-4.8198857
599,cachaca,45.029747,-6.477279
600,poppy_seeds,24.672684,14.079422
601,wood,-4.005185,46.19164
602,sirloin_steak,-25.573677,38.631058
603,masala,17.351295,13.841502
604,fresh_curry_leaves,15.787661,19.350355
605,white_hominy,-59.94706,22.289488
606,salad_dressing,-51.852673,-12.975042
607,urad_dal,17.85151,17.949753
608,red_beans,-30.7312,7.084398
609,soba_noodles,-6.9328904,58.409462
610,curry,13.422536,13.069193
611,coarse_sea_salt,-14.110374,20.11275
612,chorizo,-35.349392,8.081701
613,parsnips,4.9877377,-12.211143
614,chuck,-23.810448,34.834274
615,chipotle_peppers,-67.52268,19.745424
616,curds,24.260605,15.151206
617,anchovy_paste,-22.881964,-19.04278
618,phyllo_dough,21.65789,-38.13148
619,plums,39.58009,-17.327902
620,italian_salad_dressing,-50.940163,-13.720764
621,konbu,-13.792319,58.526367
622,chuck_roast,-25.26453,34.69019
623,herbes_de_provence,-7.5905,-26.39776
624,potato_chip,71.2098,16.872616
625,ground_sirloin,-52.7752,-32.862095
626,rigatoni,-29.436703,-38.21462
627,red_enchilada_sauce,-63.879524,-2.0578697
628,halibut_fillets,-15.445309,-4.576593
629,nira,57.24831,18.780632
630,dry_roasted_peanuts,13.427568,54.797276
631,coarse_kosher_salt,-16.617369,21.71226
632,pistachios,26.90654,-34.852272
633,crimini_mushrooms,-11.333546,8.912361
634,steak,-27.306273,28.720594
635,mixed_greens,-26.336166,-17.948656
636,dressing,-40.252243,19.494226
637,taco_sauce,-60.81988,-3.5780468
638,taco_shells,-61.614468,-0.1628986
639,tahini,-23.756243,25.256792
640,littleneck_clams,-12.640961,-5.451583
641,mashed_potatoes,-5.392805,-40.249535
642,poultry_seasoning,-10.128508,-47.526222
643,instant_espresso_powder,56.42089,-24.860067
644,roasting_chickens,-42.317505,23.618464
645,salad,-40.409306,18.11834
646,prunes,21.556303,-32.677357
647,light_mayonnaise,-34.284817,-9.878815
648,white_mushrooms,-12.097007,10.1433325
649,ramen_noodles,-16.862774,59.334538
650,oysters,-19.418034,1.1082373
651,liquid,-21.092686,45.639492
652,escarole,-18.879042,-24.724072
653,pie_crust,42.10845,-42.49846
654,semolina,26.222105,6.481984
655,rotini,-41.835503,-26.771542
656,bird_chile,11.725652,48.20715
657,rib,-4.6150846,-23.669386
658,semolina_flour,26.460627,5.6720967
659,prawn,9.324388,42.99616
660,red_kidney_bean,70.011856,30.188513
661,dipping_sauces,6.7261744,48.747448
662,sausage_links,-44.900887,-24.115152
663,beaten_eggs,52.824425,-44.622585
664,radicchio,-25.24087,-20.361956
665,chopped_green_chilies,-64.959435,-5.2352743
666,unsalted_dry_roast_peanuts,13.077739,54.76124
667,spring_roll_wrappers,-4.3742437,38.8289
668,navel_oranges,38.649513,-7.149539
669,dates,29.325243,-21.876423
670,mackerel,48.335545,23.166512
671,fresh_leav_spinach,-24.520468,16.464249
672,roasted_tomatoes,-44.458515,4.185185
673,haddock,50.547066,22.140081
674,matsutake,57.332954,17.739344
675,salad_oil,-52.266487,32.957767
676,picante_sauce,-62.31883,-2.213978
677,teriyaki_sauce,-1.0057125,49.962822
678,biscuits,-12.272012,-49.646618
679,firmly_packed_light_brown_sugar,31.085905,-15.142503
680,guajillo_chiles,-62.534554,24.398672
681,salami,-33.883442,-21.64974
682,hamburger_buns,-39.68979,-8.574476
683,haricots_verts,-6.307258,5.718119
684,chips,-48.698532,13.180856
685,chutney,24.126364,19.013964
686,japanese_eggplants,-24.497711,20.93864
687,fusilli,-27.588888,-34.851032
688,sambal_ulek,11.372187,53.334892
689,anchovies,-18.779903,27.511112
690,fresh_herbs,-16.147312,-13.345369
691,pepperoni,-45.371643,-38.42199
692,chicken_liver,64.08708,26.368187
693,anaheim_chile,-63.95485,15.010861
694,edamame,-5.3475475,59.108368
695,kasuri_methi,21.722334,19.732574
696,puff_pastry,6.936703,-34.666306
697,artichok_heart_marin,-31.760172,-23.484003
698,dried_cranberries,31.641054,-33.591278
699,rutabaga,6.496838,-13.370682
700,yellow_peppers,-35.50172,23.514088
701,turbinado,41.221962,-19.53331
702,crushed_ice,44.535564,-5.4990788
703,thai_green_curry_paste,12.548245,40.72076
704,nectarine,60.568108,1.4465591
705,ground_almonds,30.995173,-21.718233
706,wild_mushrooms,-2.118875,-28.012924
707,capsicum,18.6174,24.386005
708,great_northern_beans,-10.176229,-19.582218
709,spanish_chorizo,-6.7310843,-7.487636
710,nonstick_spray,-69.12873,-3.9681149
711,gari,-9.53459,62.221565
712,frozen_spinach,-24.815252,14.281516
713,rocket_leaves,-25.600348,-23.216026
714,bone_oil,63.9056,28.314121
715,salad_greens,-25.170765,-18.328213
716,port_wine,64.162834,26.993048
717,file_powder,-27.113892,1.5918226
718,tapioca_flour,51.556015,-3.0807595
719,_slice,-66.50178,-14.312369
720,duck,4.471618,-21.012423
721,ground_round,-53.340374,-32.85423
722,katsuobushi,55.229156,19.636261
723,alfredo_sauce,-35.933044,-32.63269
724,hot_italian_sausages,-41.833107,-41.58268
725,sour_cherry,65.39702,7.1062202
726,chopped_almonds,27.811756,-36.96024
727,miso,-15.078875,61.16831
728,baby_arugula,-24.920206,-22.65466
729,udon,-7.1307344,51.855797
730,enokitake,-10.003596,55.0892
731,pitted_black_olives,-52.93642,-19.244122
732,ground_chuck,-52.179142,-32.703556
733,soft_tofu,-9.080676,52.186626
734,diced_red_onions,-60.934616,5.0431395
735,pitas,-29.205503,-13.852081
736,ladyfingers,54.10515,-22.865295
737,scotch_bonnet_chile,23.382471,-4.0771904
738,roast_red_peppers,-59.72005,-16.387957
739,sour_milk,66.45564,4.7373185
740,black_sesame_seeds,-6.372907,59.443596
741,pastry,40.029896,-43.76762
742,dried_chile,-2.1573331,41.011887
743,green_curry_paste,12.79734,41.409035
744,cherries,44.67596,-19.328772
745,rib_eye_steaks,-24.09151,38.929127
746,oven_ready_lasagna_noodles,-38.21272,-36.85571
747,dried_lentils,5.07954,5.859575
748,chaat_masala,23.526014,18.330793
749,new_potatoes,-5.3123207,-13.696946
750,octopus,54.326122,18.71879
751,club_soda,39.310658,-5.0026803
752,chile_paste,0.6092916,50.669262
753,flour_for_dusting,5.0101347,-38.568214
754,french_baguette,-36.83759,-21.08613
755,silken_tofu,-13.964993,53.45887
756,cacao,57.61946,-18.872162
757,jumbo_pasta_shells,-39.865036,-36.679886
758,cake,47.719788,-24.31325
759,chocolate,57.19295,-23.54786
760,ras_el_hanout,4.443226,1.2928541
761,gruyere_cheese,72.92961,20.86267
762,florets,0.04389198,9.9891815
763,asafetida,19.641914,18.393642
764,pizza_crust,-33.28281,-27.811852
765,orecchiette,-24.931316,-34.22003
766,vinaigrette,-25.204075,-12.860653
767,greek_seasoning,-32.681694,-15.772171
768,slaw_mix,-25.031658,53.608234
769,epazote,-61.335518,19.646198
770,simple_syrup,43.30684,-5.467326
771,won_ton_wrappers,-12.425813,44.84801
772,harissa,3.8407676,2.2811756
773,shells,-15.386456,2.5626688
774,chipotle_chile_powder,-65.772865,16.35809
775,dried_bonito_flakes,-13.361418,57.375217
776,liqueur,42.591812,-11.511798
777,croutons,-35.09865,-17.173033
778,pitted_green_olives,1.1789757,-2.844106
779,caviar,52.0214,22.408735
780,gnocchi,-31.528946,-38.18589
781,dark_chocolate,55.12191,-26.669575
782,yams,-8.384227,19.680653
783,vermicelli,8.20478,35.598564
784,jaggery,16.910849,18.728712
785,sprinkles,49.355442,-33.707684
786,glass_noodles,-4.3467665,47.69711
787,toasted_pine_nuts,-21.517883,-32.544315
788,chile_de_arbol,-57.56003,24.999989
789,dry_vermouth,-7.4852996,-23.05661
790,toasted_almonds,25.464598,-38.01685
791,whipped_topping,54.849594,-28.165289
792,fresh_blueberries,53.486805,-15.804567
793,chile_sauce,8.701924,53.90992
794,fillet_red_snapper,-16.101946,-5.2098923
795,bonito_flakes,-12.389099,57.09335
796,neutral_oil,-17.303741,31.71754
797,saltines,-8.040652,-46.028164
798,salted_peanuts,14.351104,50.722908
799,scallops,-11.181758,-3.2835038
800,gai_lan,-7.2561173,46.163048
801,plantains,-63.533676,26.366102
802,white_chocolate,51.68424,-20.143927
803,crackers,-32.90825,-17.876253
804,self_rising_cornmeal,-5.3772445,-45.45462
805,black_tea,60.28902,12.928721
806,hellmann_or_best_food_real_mayonnais,-50.18656,1.6183926
807,naan,7.1565394,10.001235
808,crumbled_gorgonzola,-20.849518,-36.857006
809,apple_brandy,65.497215,8.113131
810,base,-13.708727,47.59387
811,chinese_chives,16.99078,49.131756
812,graham_cracker_crumbs,55.05003,-31.204391
813,hungarian_sweet_paprika,-2.8547733,-1.4257586
814,teas,26.45875,13.122967
815,berries,51.234776,-11.865846
816,mini_marshmallows,47.641266,-35.161022
817,roasted_cashews,6.1972933,16.95493
818,flower,28.54206,16.044214
819,frankfurter,69.46231,26.3568
820,dried_black_beans,-54.76327,20.845053
821,fermented_black_beans,-3.8354836,43.80773
822,hot_chili_sauce,5.570098,49.859035
823,madras_curry_powder,4.8704853,11.658967
824,pepperoni_slices,-44.671196,-38.42023
825,galanga,15.143964,43.20161
826,crema,-57.63409,18.357687
827,safflower_oil,-16.211838,34.88112
828,sun_dried_tomatoes_in_oil,-28.803774,-22.588667
829,fresh_peas,-4.0479093,7.9305415
830,phyllo_pastry,22.050285,-37.5451
831,oxtails,-22.71039,35.178745
832,unsweetened_chocolate,58.129734,-27.27405
833,pickles,-34.94272,-5.796071
834,brussels_sprouts,1.0448475,13.8057785
835,canola,-15.114115,31.884005
836,heirloom_tomatoes,-40.90837,-17.880323
837,refrigerated_pizza_dough,-34.45778,-28.644676
838,triple_sec,43.282856,-7.7997646
839,nuts,35.816853,5.5054045
840,mung_beans,20.860815,50.30745
841,vine_ripened_tomatoes,-42.46694,-17.325031
842,filet,-28.100075,27.737864
843,soup,-15.2649975,2.9559536
844,cherry_brandy,65.75764,2.8395889
845,chees_fresco_queso,-60.7729,15.301523
846,dried_dillweed,-21.835896,-46.2858
847,apricots,24.840101,-35.539993
848,sea_bass_fillets,-14.1866455,-6.349343
849,salted_roast_peanuts,12.221793,50.704704
850,whitefish,-14.41174,-2.4791706
851,mixed_spice,31.922945,-23.996992
852,asafoetida_powder,15.224543,18.63646
853,figs,22.311077,-30.14857
854,juniper_berry,64.69255,29.115416
855,orzo_pasta,-25.927462,-29.986206
856,madeira,2.701506,-27.249071
857,fresh_red_chili,12.627888,30.871525
858,poblano_chilies,-63.13133,21.60559
859,gram_flour,22.808737,15.612523
860,mexican_chorizo,-60.156437,17.693268
861,rolled_oats,38.08511,-32.190903
862,baby_lima_beans,-8.644503,-18.822615
863,spanish_paprika,-3.8125343,-6.988467
864,red_bean,60.66308,9.879718
865,cornichons,0.3620556,-16.735296
866,chow_mein_noodles,-0.8746854,47.39895
867,food_colouring,31.630499,6.6623588
868,raw_cashews,6.399131,18.750118
869,lima_beans,-7.936813,-17.457113
870,green_tea,60.001823,9.335747
871,serrano,-54.68121,25.518251
872,pie_shell,44.018353,-41.175
873,blueberries,51.38924,-15.360414
874,extra_large_eggs,17.641624,-19.540272
875,golden_delicious_apples,24.466568,-23.773022
876,cassava,57.7701,35.0106
877,chayotes,-57.311775,21.299757
878,mexican_chocolate,-64.42679,25.729446
879,pickle_relish,-32.8835,-8.7472925
880,waxy_potatoes,-6.368147,-1.6647159
881,rotelle,-50.216846,-2.9884462
882,fronds,-11.156307,-10.520387
883,straw_mushrooms,11.728001,43.003887
884,soba,-6.1258492,54.973846
885,baked_tortilla_chips,-57.98928,-0.52536064
886,gorgonzola,-20.778198,-36.9334
887,dried_pinto_beans,-55.190742,20.656122
888,cocktail_cherries,47.67203,-11.798587
889,cranberries,36.086433,-14.481566
890,chestnuts,15.282819,-27.242418
891,shellfish,52.86098,18.92232
892,syrup,46.706776,-19.077436
893,green_enchilada_sauce,-63.3677,-2.9507532
894,allspice_berries,-61.458775,26.574469
895,velveeta,-52.01943,-8.942292
896,dumplings,-12.604986,41.258064
897,pasta_shells,-34.943882,-30.296844
898,grand_marnier,50.093987,-18.305422
899,pitted_olives,-52.898205,-15.195138
900,breakfast_sausages,-8.984695,-41.2786
901,golden_syrup,34.95545,-24.429068
902,dumpling_wrappers,-8.394837,45.10561
903,prepar_salsa,-59.448444,-4.8295937
904,white_flour,25.576874,8.984583
905,italian_seasoned_breadcrumbs,-47.25661,-30.38797
906,gochugaru,-17.61905,51.341057
907,fettuccine_pasta,-27.422781,-41.057808
908,raw_sugar,41.986908,-20.19478
909,msg,-7.486894,39.13872
910,red_miso,-14.707899,59.79506
911,ziti,-36.696583,-37.14044
912,tilapia,-29.37459,26.62443
913,pasilla_chiles,-63.692448,24.605738
914,fontina,-32.133934,-31.713123
915,genoa_salami,-32.392178,-22.092863
916,pomegranate_seeds,35.692715,-5.5169578
917,crema_mexican,-60.29831,16.730972
918,brown_lentils,5.8418746,7.3731694
919,black_mustard_seed_oil,56.114117,30.340742
920,champagne,39.361702,-10.566494
921,round_steaks,-28.067823,34.260426
922,cooked_quinoa,-36.20235,25.245787
923,lo_mein_noodles,-2.8678708,48.87088
924,crust,45.61776,-37.109455
925,short_rib,-20.281595,38.65071
926,amaretto,51.01744,-20.757488
927,kielbasa,-29.551962,3.961154
928,jam,36.1978,-23.49825
929,top_sirloin_steak,-25.944324,37.007145
930,white_peppercorns,3.540986,38.819603
931,cookies,52.76248,-25.44134
932,quince,65.19256,8.731489
933,roasted_sesame_seeds,-15.738923,50.617393
934,pesto_sauce,-34.401096,-34.838608
935,shucked_oysters,-22.501814,-1.1079327
936,munster_cheese,71.086945,20.24045
937,unsalted_cashews,8.760309,17.80558
938,mutton,26.926514,18.463905
939,flatbread,-30.044857,-13.707358
940,pastry_dough,8.847405,-34.58432
941,fava_beans,-4.3705835,7.6573877
942,kumquat,61.643166,12.827911
943,bbq_sauce,-45.160397,13.874961
944,pickled_jalapenos,-61.8441,3.1390266
945,top_round_steak,-28.291792,35.086388
946,chinese_sausage,-7.9973273,42.55876
947,nioise_olives,-20.719131,-19.42556
948,diced_tomatoes_in_juice,-40.012165,2.8091738
949,veggies,6.4488397,28.738813
950,white_button_mushrooms,0.3073902,-29.161507
951,jeera,21.23182,17.248718
952,kirby_cucumbers,-27.63737,47.03337
953,stout,15.150174,-13.837764
954,smoked_gouda,-38.443504,-25.079445
955,_cooked_and_drained,-39.065773,-35.883434
956,halibut,-15.314597,-3.359531
957,candy,52.96858,-36.52828
958,and_fat_free_half_half,20.127544,-49.375584
959,ricotta_salata,-24.505014,-24.641443
960,pie_dough,36.78995,-39.412685
961,whole_allspice,17.544872,-3.7640116
962,rotel_tomatoes,-50.343155,-3.6913166
963,chayote,57.944103,23.44198
964,black_sesame_seed,61.011806,17.5574
965,flavoring,25.993887,-0.4538523
966,yellow_split_peas,13.114844,15.586435
967,sesame,-18.305233,54.09343
968,refrigerated_crescent_rolls,-56.709587,-11.28682
969,nectarines,38.387955,-19.34459
970,part_skim_mozzarella,-39.166023,-38.484848
971,masa,-62.58578,19.32584
972,armagnac,13.505529,-31.320124
973,fat_free_mayonnaise,-34.729546,-10.67747
974,jack,-61.70658,1.6109481
975,toasted_pecans,40.246086,-32.81704
976,chipotle,-54.560852,16.660347
977,fleur_de_sel,14.572385,-22.067684
978,ground_tumeric,10.833952,10.498328
979,toasted_walnuts,27.995337,-31.921726
980,chili_beans,-53.007706,-3.6753652
981,hungarian_paprika,-5.744493,-6.0296173
982,sirloin,-25.018332,38.40182
983,beefsteak_tomatoes,-41.27746,-17.918894
984,cantaloupe,46.569965,-7.426119
985,nigella_seeds,21.36937,11.560377
986,spaghettini,-22.264952,-28.133488
987,bulgur,1.327646,2.3562002
988,seedless_red_grapes,24.04674,-31.79525
989,eel,47.484642,21.311996
990,fine_salt,41.950386,-29.688154
991,tostada_shells,-59.099472,0.4124143
992,gravy,-5.9231772,-42.162712
993,chilli_paste,15.173114,23.891888
994,rabbit,-6.1917243,-17.961138
995,medium_eggs,35.5946,-21.872995
996,passata,-41.064842,7.3839455
997,_cook_and_drain,-49.025063,-20.637365
998,hot_dogs,-41.34403,-6.582357
999,sliced_tomatoes,-39.486946,-10.850697
1000,ciabatta,-27.277306,-23.673502
1001,gluten,25.540527,42.947327
1002,pastry_shell,43.106068,-43.268524
1003,_rins_and_drain,-45.8586,-1.7994925
1004,bosc_pears,26.062698,-27.558886
1005,tasso,-26.922373,-0.33690587
1006,bartlett_pear,64.32856,7.335734
1007,_thawed_and_squeezed_dry,-45.5763,-33.453327
1008,chana_dal,17.358662,17.638472
1009,roquefort_cheese,59.987453,24.003576
1010,moong_dal,20.172026,16.654446
1011,boneless_chuck_roast,-24.593494,34.847717
1012,piloncillo,-62.77324,25.809147
1013,dried_chickpeas,8.129563,6.848487
1014,roast,-46.6075,25.406557
1015,reduced_fat_mayonnaise,-34.04309,-10.988163
1016,ground_paprika,-21.209276,4.6550813
1017,coleslaw,-45.998737,16.278925
1018,pepperoncini,-34.235573,-19.63576
1019,licorice,66.93839,6.454412
1020,red_snapper,-17.27359,-1.9314828
1021,mixed_vegetables,19.381594,25.346695
1022,jamaican_jerk_season,-47.523052,13.580466
1023,hummus,-30.48619,-16.035948
1024,korean_chile_flakes,-17.122974,50.678642
1025,roasted_hazelnuts,52.338543,-22.255613
1026,navy_beans,-40.488552,-23.565079
1027,chinese_noodles,0.25182465,42.720024
1028,swordfish_steaks,-4.670516,0.53912145
1029,yellow_food_coloring,31.91686,7.628347
1030,tortellini,-28.174814,-34.169273
1031,crema_mexicana,-61.838936,15.168793
1032,broccolini,-7.9277306,48.023396
1033,yardlong_beans,11.00602,50.52329
1034,ponzu,-8.280296,58.2843
1035,sliced_shallots,12.316883,44.492947
1036,glaze,37.60754,-25.331715
1037,nopales,-61.11229,13.1121
1038,hot_chili_powder,-69.835976,4.943611
1039,maggi,-9.444976,41.67853
1040,jelly,39.453106,-13.842791
1041,shoyu,-12.110909,56.41362
1042,guanciale,-15.974799,-29.345617
1043,calvados,23.14381,-24.191227
1044,tagliatelle,-13.192581,-28.114552
1045,tawny_port,20.723598,-30.959608
1046,harissa_paste,3.7970302,1.3055956
1047,whitefish_fillets,-30.189674,24.05683
1048,soda,27.098463,10.466614
1049,juniper_berries,4.531158,-18.19847
1050,italian_tomatoes,-29.824888,-35.122974
1051,bawang_goreng,10.596359,47.561523
1052,meatballs,-39.115837,-41.967728
1053,pepitas,-62.070415,21.446972
1054,applesauce,41.424255,-33.636223
1055,double_acting_baking_powder,42.52971,-26.357697
1056,oil_cured_black_olives,-19.443115,-17.055529
1057,muscovado_sugar,33.60099,-20.268614
1058,slaw,-45.847973,16.9786
1059,duck_breasts,5.9594364,-20.75143
1060,bulk_italian_sausag,-41.019543,-36.833885
1061,fajita_seasoning_mix,-52.75195,-1.098635
1062,country_crock_spread,-59.765648,-7.7316055
1063,whole_peppercorn,-4.456293,34.295998
1064,chocolate_morsels,50.314335,-26.127548
1065,sweet_cherries,26.534052,-29.462791
1066,kahla,54.56388,-24.255613
1067,sumac,-27.434895,-14.039891
1068,pickling_spices,17.235432,-6.7759657
1069,dried_guajillo_chiles,-58.009808,22.303553
1070,pernod,-12.242803,-13.513633
1071,farro,-12.470745,-24.629246
1072,granulated_white_sugar,31.27867,-2.959166
1073,louisiana_hot_sauce,-25.870161,2.8081858
1074,habanero_chile,-51.290028,20.129555
1075,browning,-14.005733,26.475014
1076,five_spice_powder,0.5309401,48.656914
1077,fingerling_potatoes,-4.7948856,-14.9605
1078,yellow_miso,-12.800946,59.871258
1079,manicotti_shells,-40.62383,-35.433113
1080,shahi_jeera,26.726938,15.891225
1081,tartar_sauce,-31.111498,-4.9782987
1082,port,12.637135,-26.236176
1083,mexicorn,-57.78936,-5.357204
1084,pitted_prunes,23.6069,-28.382378
1085,frozen_peas_and_carrots,-10.543066,36.131847
1086,dried_salted_codfish,-20.83127,-10.94897
1087,passion_fruit,59.09561,8.509038
1088,low_fat_mayonnaise,-33.540436,-9.94352
1089,light_molasses,36.45934,-34.386364
1090,prepar_pesto,-35.515137,-34.757446
1091,brine_cured_black_olives,-18.871128,-19.450533
1092,cornbread,-12.134379,-46.375496
1093,prickly_pear,59.361076,14.668212
1094,xanthan_gum,42.997547,-24.209879
1095,five_spice,5.8936467,44.39972
1096,cane_sugar,3.407827,61.617065
1097,crumbs,52.95432,-29.08014
1098,tandoori_spices,18.676407,11.637005
1099,red_chile_powder,13.217712,9.576777
1100,bouquet_garni,0.5232801,-19.91018
1101,frosting,45.322758,-32.64974
1102,shiso,-10.343362,57.72347
1103,new_york_strip_steaks,-22.70844,30.481998
1104,uncook_medium_shrimp,-34.593388,-0.21706149
1105,vermicelli_noodles,7.4675636,45.581886
1106,ouzo,-11.16162,-11.262581
1107,_peel_and_devein,-34.588673,-0.21053116
1108,nori_sheets,-9.324195,61.440685
1109,frisee,2.1610894,-25.203072
1110,unsalted_roasted_peanuts,9.334776,47.437588
1111,baby_potatoes,16.524424,12.790758
1112,guava,42.47168,-2.847187
1113,quick_cooking_oats,42.12339,-38.729885
1114,caramel_sauce,46.93648,-26.319077
1115,large_flour_tortillas,-59.366096,-2.757975
1116,hot_chili,4.785018,40.16531
1117,mung_bean,59.095108,16.861217
1118,sea_bass,-13.741303,-7.939565
1119,frozen_mixed_vegetables,-47.086903,-7.662951
1120,wakame,-9.986503,56.79163
1121,baby_greens,-26.281435,-18.656424
1122,dried_mushrooms,-10.125574,43.569225
1123,suet,32.48372,-25.20756
1124,fresh_chevre,-17.935778,-21.25859
1125,chocolate_sprinkles,52.40824,-27.72122
1126,gyoza_wrappers,-10.712596,46.189564
1127,top_sirloin,-23.621916,40.260963
1128,sesame_paste,-1.7852802,43.313812
1129,orange_flower,65.49957,5.5298176
1130,mild_italian_sausage,-43.150867,-39.292118
1131,red_kidnei_beans,-46.280464,-1.7903302
1132,cutlet,-43.484257,-32.2674
1133,chopped_fresh_herbs,-20.833588,-22.400204
1134,rock_sugar,1.0294452,41.11352
1135,fryer_chickens,-24.369648,3.0111
1136,baby_back_ribs,-16.134779,38.496025
1137,crepes,26.93747,-24.922142
1138,phyllo,21.78839,-38.01661
1139,frozen_edamame_beans,-4.604069,57.388767
1140,frozen_blueberries,40.09422,-31.418707
1141,green_peppercorns,4.1767087,-26.070127
1142,shichimi_togarashi,-14.188869,56.19315
1143,hamburger,-50.006306,-8.570012
1144,no_salt_added_diced_tomatoes,-32.570847,2.763679
1145,asadero,-59.153526,17.293297
1146,i_cant_believe_its_not_butter!_spread,42.407436,-45.05806
1147,long_beans,11.571637,46.03919
1148,baking_mix,40.860176,-39.250614
1149,chocolate_shavings,51.84141,-25.5343
1150,toast,-9.372965,-10.288596
1151,ragu_old_world_style_pasta_sauc,-59.781322,-10.206676
1152,essence,-21.807575,-1.369561
1153,no_salt_added_black_beans,-62.632355,7.0528603
1154,penne_rigate,-25.056953,-33.389095
1155,whole_almonds,29.500393,-37.931057
1156,zesty_italian_dressing,-54.27541,-11.829639
1157,kirsch,30.010437,-28.939867
1158,sultana,31.352015,-21.837492
1159,kecap_manis,6.686077,46.244663
1160,brine_cured_olives,-19.602375,-18.17041
1161,french_fried_onions,25.530169,17.156622
1162,maida_flour,24.468971,12.840752
1163,tempeh,-35.247677,25.914555
1164,tzatziki,-28.685953,-13.975336
1165,buns,-41.389217,-7.096778
1166,methi,18.717873,12.1436
1167,pickled_carrots,7.7960014,50.570484
1168,white_cake_mix,49.55688,-32.257748
1169,grapes,24.273767,-31.001585
1170,stuffing,-26.861727,5.156838
1171,rub,-52.107777,18.16718
1172,cabernet_sauvignon_wine,64.55264,28.049328
1173,sassafras,69.14217,13.965526
1174,bicarbonate_of_soda,33.824295,-22.282515
1175,dried_tart_cherries,27.391088,-30.535242
1176,color_food_green,48.40405,-30.654844
1177,coconut_oil,56.138206,30.31559
1178,dashi_kombu,-14.30938,57.02153
1179,garden_peas,-2.9061105,7.3561344
1180,unbaked_pie_crusts,44.039185,-41.12156
1181,italian_style_stewed_tomatoes,-37.8016,-34.630287
1182,brine,-1.8836948,-12.874152
1183,ditalini_pasta,-42.55941,-24.668732
1184,chocolate_chips,46.54419,-33.001987
1185,soppressata,-30.952595,-21.738714
1186,seafood_seasoning,-25.233643,-1.457758
1187,bocconcini,-28.380665,-24.072319
1188,calamansi_juice,-6.339202,33.545925
1189,sea_salt_flakes,19.075798,-23.995708
1190,calamari,-13.167645,-2.3913314
1191,dashi_powder,-13.216381,56.103764
1192,toor_dal,17.693811,16.892345
1193,bouillon,-47.349438,9.404563
1194,duck_drumsticks,3.5898776,-20.959257
1195,graham_crackers,54.967014,-30.403646
1196,cardamon,14.0743,9.234658
1197,canela,-62.348465,25.47455
1198,fire_roasted_diced_tomatoes,-56.245583,5.448647
1199,lumpia_wrappers,-6.2259474,37.50126
1200,jackfruit,21.25311,50.34826
1201,kumquats,41.670483,-14.523421
1202,yellow_cake_mix,51.9391,-33.128193
1203,hand,0.099702545,19.976587
1204,brewed_espresso,53.396145,-24.96373
1205,habanero,24.06394,-7.316916
1206,seafood_stock,-12.896324,-3.9062314
1207,small_white_beans,-13.999649,-24.071571
1208,boiled_eggs,2.769,23.924677
1209,ravioli,-33.727596,-34.12712
1210,bucatini,-23.051851,-26.297768
1211,hoagie_rolls,-34.61944,-15.117199
1212,grouper,-16.737198,-3.967685
1213,espresso,53.977657,-25.185873
1214,sardines,-14.511515,-11.063459
1215,asian_eggplants,10.695705,51.271496
1216,tart_apples,35.19966,-32.269375
1217,sprouts,4.3663034,47.798798
1218,mexican_seasoning_mix,-61.84717,9.389116
1219,idaho_potatoes,6.2505584,-6.6722636
1220,splenda,17.805262,51.91274
1221,calamansi,-6.2339807,34.953564
1222,whole_nutmegs,19.831377,-42.22374
1223,breadstick,-32.96543,-18.729898
1224,boiling_onions,-0.07875847,-22.412666
1225,pound_cake,49.482506,-20.157585
1226,oats,38.34335,-31.792809
1227,roasted_meat,68.678444,27.48913
1228,red_capsicum,18.141346,24.596148
1229,duck_fat,2.042458,-21.54839
1230,hearts_of_romaine,-27.432556,-16.826002
1231,calimyrna_figs,25.524794,-28.878376
1232,poblano,-59.092236,16.368923
1233,adobo,-54.50456,19.10478
1234,sweetener,49.785156,-7.9216495
1235,stone_ground_cornmeal,-1.6377134,-46.179775
1236,marshmallow_creme,47.53087,-31.21048
1237,prebaked_pizza_crusts,-30.251698,-25.183582
1238,chanterelle,-1.108259,-28.329418
1239,extract,48.087154,-32.848534
1240,tostadas,-57.113415,17.912018
1241,plain_breadcrumbs,-46.666466,-32.830814
1242,pig,-9.576358,26.129528
1243,chocolate_syrup,53.65337,-26.961224
1244,chat_masala,22.651882,16.782423
1245,string_beans,-3.1450305,36.379547
1246,pickled_vegetables,-37.561443,-18.34981
1247,pomegranate_juice,36.15914,-5.947538
1248,baby_portobello_mushrooms,-34.225456,-32.10698
1249,dried_kidney_beans,-29.467766,7.029013
1250,ajwain,21.77927,16.302013
1251,old_fashioned_oats,37.71155,-33.878567
1252,hot_chili_oil,-0.4998988,43.425323
1253,arrowroot,5.014935,-23.907072
1254,sunflower_seeds,53.228714,-4.129151
1255,aai,51.963108,-9.050092
1256,white_kidney_beans,-13.269625,-19.513466
1257,gemelli,-25.105446,-32.39285
1258,yellow_rock_sugar,2.128513,39.95233
1259,stir_fry_sauce,2.4267244,49.301544
1260,curry_sauce,11.14459,28.14491
1261,pace_picante_sauce,-58.3332,-5.8100038
1262,dal,17.763836,16.368925
1263,steak_sauce,-35.049225,16.984808
1264,spareribs,-17.344946,38.974644
1265,toasted_slivered_almonds,46.67598,-21.311298
1266,cracker_crumbs,-8.025946,-46.23168
1267,arrowroot_powder,9.726436,28.22811
1268,min,8.26927,25.41873
1269,dried_fettuccine,-25.344822,-32.27377
1270,yolk,44.367893,-35.756477
1271,varnish_clams,-12.246144,-8.059878
1272,tonkatsu_sauce,-16.694572,54.66547
1273,toasted_nori,-10.368413,61.90592
1274,rapeseed_oil,15.552381,21.989082
1275,stevia,18.096468,52.389412
1276,morel,-0.41833916,-28.431166
1277,mild_curry_powder,6.95689,11.725411
1278,frozen_whipped_topping,52.51857,-32.53314
1279,shelled_pistachios,21.505877,-31.050594
1280,cornbread_mix,-11.338103,-42.053074
1281,rump_roast,-11.422119,-19.028927
1282,lager,-55.30241,13.997226
1283,frozen_strawberries,49.851772,-10.316776
1284,chopped_nuts,33.676277,6.0828457
1285,split_black_lentils,15.673925,17.754307
1286,fried_eggs,-19.862898,51.425243
1287,bartlett_pears,26.56194,-25.722952
1288,thin_pizza_crust,-34.74922,-28.436264
1289,collards,-27.890924,9.031933
1290,sour_cherries,20.266365,-26.80432
1291,carbonated_water,40.048332,-6.611101
1292,dried_pasta,-30.163858,-36.84364
1293,picholine_olives,-1.5413619,-4.097466
1294,rock_salt,8.915836,23.195164
1295,gran_marnier,25.447369,-29.933662
1296,sweet_mini_bells,-56.22898,3.1522818
1297,gala_apples,23.336527,-23.420048
1298,salmon_roe,54.156246,21.006943
1299,trout_fillet,-5.7145286,0.8980876
1300,caesar_salad_dressing,-34.57561,-16.120441
1301,relish,-28.983797,21.020939
1302,chipotle_salsa,-59.307133,14.178418
1303,golden_caster_sugar,17.200932,31.560755
1304,bitters,42.577854,-6.388528
1305,fat_free_refried_beans,-59.430508,2.3791823
1306,equal_sweetener,-8.120794,24.095524
1307,old_el_paso_taco_seasoning_mix,-57.054386,-7.1822805
1308,angostura_bitters,41.722466,-8.44371
1309,cornish_game_hens,1.9999931,-0.79253644
1310,fresno_chiles,5.7099795,40.0065
1311,tapenade,-23.179161,-21.419653
1312,frozen_lemonade_concentrate,42.464695,-9.106572
1313,parmagiano_reggiano,-31.619888,-34.67846
1314,yellow_lentils,12.792984,14.65518
1315,instant_espresso,59.75624,-22.845217
1316,boneless_sirloin_steak,-22.238808,35.341644
1317,gyoza,-11.425575,49.905056
1318,dark_molasses,39.35154,-34.351604
1319,ale,14.48554,-13.695994
1320,cornish_hens,8.933854,-20.877327
1321,medium_firm_tofu,-10.215635,51.25653
1322,tentacles,-11.901856,-7.33368
1323,shredded_coleslaw_mix,-24.728544,53.91801
1324,sorrel,-11.366693,-13.8865595
1325,low_sodium_worcestershire_sauce,-31.695864,-0.29679695
1326,fresh_cranberries,36.16748,-14.5142765
1327,herring,10.670923,-10.792886
1328,unsalted_pistachios,24.693333,-27.303156
1329,frozen_shelled_edamame,-5.704659,55.417175
1330,hot_smoked_paprika,-4.6614327,-6.850929
1331,pan_drippings,-6.945973,-42.22028
1332,togarashi,-15.808848,58.100464
1333,sweet_and_sour_sauce,-5.923056,39.31842
1334,sprite,-6.6937323,32.694447
1335,mole_sauce,-60.029877,12.036206
1336,chilegarlic_sauce,-4.0315595,52.67579
1337,poha,20.598955,15.454188
1338,thin_spaghetti,-14.859475,42.8795
1339,artemisia,58.94959,17.180132
1340,single_crust_pie,40.280388,-43.61105
1341,guajillo,-57.424446,16.088959
1342,italian_style_seasoning,-42.319145,-28.5891
1343,gold_potatoes,5.1403966,-11.130601
1344,cointreau,44.389355,-9.309143
1345,seafood,-9.492473,27.702604
1346,hellmann_or_best_food_light_mayonnais,-50.215324,1.7341701
1347,pink_peppercorns,17.817068,-26.603697
1348,jalape,-51.72603,11.923473
1349,perilla,8.220101,49.76225
1350,bengal_gram,15.64888,17.354942
1351,pickling_cucumbers,6.834212,52.892475
1352,spike_seasoning,-43.656227,-22.212801
1353,cool_whip,51.48953,-31.018234
1354,refrigerated_biscuits,-12.377042,-49.859333
1355,riesling,22.324375,-24.692757
1356,boneless_rib_eye_steaks,-24.885033,28.973242
1357,giblet,-11.992394,41.384113
1358,quinces,23.939781,-25.906351
1359,japanese_turnips,-8.357253,53.938614
1360,camembert_cheese,61.89211,8.320671
1361,dungeness_crabs,-10.7730465,-5.7763567
1362,chinese_black_mushrooms,-7.0300937,44.13985
1363,fajita_size_flour_tortillas,-55.259598,-1.6654066
1364,dry_pasta,-45.577324,-29.737722
1365,small_new_potatoes,-4.361482,-13.026539
1366,old_el_paso_chopped_green_chiles,-60.1003,-1.3379093
1367,choy_sum,-7.320486,46.511623
1368,prosecco,39.135975,-9.436332
1369,soy,4.044417,43.755753
1370,doritos,-55.41237,-7.053523
1371,cuban_peppers,-43.51494,-16.911722
1372,capellini,-16.578257,-8.9965515
1373,foie_gras,2.396136,-26.064686
1374,annatto_seeds,4.648226,37.322533
1375,sweet_peas,-38.42387,-3.781762
1376,risotto,-41.45577,-33.323074
1377,preserves,34.285446,-30.312199
1378,taro,20.010548,47.159615
1379,non_stick_spray,-50.437386,-27.25553
1380,pickling_salt,17.052736,-6.6074734
1381,prepared_lasagne,-36.840214,-38.45185
1382,herb_seasoning,-42.07378,-27.253546
1383,black_salt,22.628275,17.909697
1384,mild_green_chiles,-53.19232,4.276733
1385,masa_dough,-64.17124,17.723812
1386,coca_cola,-17.156475,46.51844
1387,manioc_flour,-25.343351,8.657111
1388,biscuit_dough,-44.999916,-27.14803
1389,blue_crabs,-24.140705,0.7950765
1390,baked_pizza_crust,-38.60069,-27.717459
1391,white_chocolate_chips,46.761127,-31.709045
1392,buffalo_sauce,-66.15773,-2.6658714
1393,pear_brandy,64.66407,6.5644913
1394,black_truffles,1.1755878,-28.420145
1395,mincemeat,32.350845,-27.261753
1396,brioche,17.487906,-30.68671
1397,amaretti_cookies,49.18353,-20.866526
1398,low_fat_mozzarella,-43.4394,-23.262417
1399,dhal,13.754789,14.47592
1400,pappardelle,-13.517613,-27.528946
1401,vegetarian_refried_beans,-60.29995,3.31974
1402,linguini,-25.781181,-36.84212
1403,japanese_plum,54.323505,19.931398
1404,crumbles,-59.3993,-0.07844369
1405,yellow_curry_paste,14.625207,41.56165
1406,quail,9.21142,-21.084177
1407,bouillon_cube,-8.8113785,-14.483294
1408,ancho,-54.130093,18.00852
1409,shiro_miso,-14.450735,58.029938
1410,frozen_limeade_concentrate,43.294407,-7.0961146
1411,bisquick,-51.101273,-24.402987
1412,pigeon_peas,16.39291,15.761222
1413,sandwich_rolls,-42.989883,-9.444972
1414,pasta_water,-28.161642,-29.540909
1415,frangelico,51.26994,-22.627201
1416,fat_free_frozen_top_whip,50.41023,-23.764595
1417,himalayan_salt,1.5901618,26.383846
1418,english_muffins,-48.2878,-29.676357
1419,flounder_fillets,-34.027225,-13.089836
1420,fatback,-0.71752197,-8.773573
1421,giardiniera,-33.354065,-20.312008
1422,cavatappi,-28.030518,-31.765598
1423,sweet_pickle,-32.792046,-7.209833
1424,mulato_chiles,-63.941376,25.159372
1425,granola,51.48509,-8.50725
1426,soda_water,40.14332,-3.4722192
1427,concord_grape,63.477226,4.107367
1428,chuck_steaks,-12.779216,15.274204
1429,chestnut_mushrooms,-2.4014645,-24.253801
1430,kaiser_rolls,-36.13501,-10.374691
1431,macadamia_nuts,50.137753,-35.955723
1432,octopuses,-9.89797,-7.3397894
1433,red_beets,9.090193,-11.589742
1434,frozen_mixed_berries,51.104668,-10.232654
1435,masoor_dal,18.49859,16.282589
1436,biryani_masala,26.41852,16.311306
1437,ravva,19.83843,15.353919
1438,marmite,-8.313652,23.52254
1439,demerara_sugar,34.492443,-26.364151
1440,ditalini,-11.711757,-20.964788
1441,graham_cracker_crusts,53.530933,-31.525658
1442,flora_cuisine,11.79542,26.667517
1443,sourdough_baguette,-16.48634,-18.231667
1444,sweet_vermouth,40.466915,-8.286362
1445,ramps,-13.528933,35.00617
1446,achiote_paste,-56.670956,18.769167
1447,spearmint,19.347734,43.28397
1448,ruby_port,17.086758,-28.32368
1449,thai_chili_paste,12.021298,45.174217
1450,sliced_olives,-60.22287,1.6803027
1451,filet_mignon,-21.790419,31.165133
1452,french_rolls,-64.745,24.306677
1453,lumpia_skins,-5.863281,37.62697
1454,yellow_hominy,-58.344776,10.7806015
1455,red,13.134207,26.813206
1456,chard,-12.474967,49.382965
1457,chocolate_instant_pudding,51.564175,-29.460974
1458,flavored_oil,-1.9073403,57.38307
1459,beef_liver,68.12065,25.939964
1460,pak_choi,6.6342115,44.07703
1461,thai_noodles,13.867592,46.381824
1462,nutella,60.199406,-22.768538
1463,wheels,-19.337221,-27.280336
1464,atta,22.717453,12.974785
1465,aioli,-22.985025,-5.7927656
1466,groundnut,13.121835,29.295477
1467,chip_plain_tortilla,-56.09435,-4.915329
1468,mahi_mahi_fillets,-55.48703,10.06509
1469,piecrust,38.640438,-38.864094
1470,steamer,-10.887285,38.615604
1471,canola_mayonnaise,-33.275375,-11.330725
1472,sponge_cake,48.4898,-19.1478
1473,huckleberry,64.292114,4.4974856
1474,scotch,26.803875,-7.1875734
1475,oil_cured_olives,-17.641323,-16.466936
1476,toasted_peanuts,9.469632,45.848747
1477,queso_blanco,-60.707104,13.975631
1478,hanger_steak,-22.883987,30.253603
1479,zest,-24.818436,-27.5836
1480,cavatelli,-13.715261,-26.562563
1481,sourdough,-23.101618,-23.0581
1482,shell_pasta,-37.24615,-30.69657
1483,italian_eggplant,-28.349495,-25.855276
1484,small_red_beans,-28.219635,5.5718813
1485,balsamic_vinaigrette,-27.988462,-21.0406
1486,black_currant,62.176575,4.7744184
1487,chinese_eggplants,-5.409235,46.99243
1488,condiments,-36.329086,27.539553
1489,chardonnay,-12.140888,-17.17936
1490,focaccia,-29.370777,-25.314367
1491,sole_fillet,-19.907654,-4.630157
1492,korean_chile_paste,-17.940754,52.60528
1493,citron,33.568134,-28.769766
1494,carnitas,-63.36551,13.012019
1495,_drained_and_chopped,-6.2741017,41.32038
1496,adobo_seasoning,-51.701805,-5.972292
1497,tomatillo_salsa,-58.2749,11.014684
1498,sweet_pickle_relish,-32.466785,-7.2832575
1499,spicy_sausage,-25.316898,-2.6829097
1500,light_pancake_syrup,48.819935,-13.890631
1501,bonito,-15.042476,54.30861
1502,zinfandel,9.265786,-25.068066
1503,fresh_green_peas,-3.1689773,8.240147
1504,mortadella,-32.75358,-21.291267
1505,arbol_chile,-52.121613,25.540071
1506,pillsbury_refrigerated_crescent_dinner_rolls,-56.19372,-9.209134
1507,chianti,-10.820137,-27.77662
1508,hot_dog_bun,-38.7769,-9.840508
1509,vine_tomatoes,-1.9517922,1.6184127
1510,nilla_wafers,50.753166,-30.605421
1511,ground_walnuts,37.895542,-29.20267
1512,caramels,42.63377,-32.117294
1513,mirlitons,-26.217707,-3.5085146
1514,fresh_udon,-8.560646,49.396313
1515,mandarin_peel,60.60686,20.268463
1516,roux,-25.218054,0.96527493
1517,crushed_pineapples_in_juice,50.857063,-34.90996
1518,fishcake,-13.453678,51.801147
1519,wish_bone_italian_dressing,-53.22675,-12.889992
1520,dinner_rolls,-47.21618,-17.113674
1521,tortilla_shells,-62.724873,-7.951444
1522,ground_sausage,-49.431736,-26.857334
1523,kohlrabi,51.117733,34.4759
1524,crescent_rolls,-57.308784,-10.032395
1525,russet,-4.897763,-42.20752
1526,puff_pastry_sheets,44.887302,-26.836767
1527,smoked_sweet_spanish_paprika,-2.701362,-8.032653
1528,fritos,-55.293056,-5.907612
1529,free_range_eggs,3.9988465,-36.206177
1530,mochiko,45.715595,-29.032501
1531,old_el_paso_enchilada_sauce,-59.537823,3.6068997
1532,nuoc_cham,10.012857,48.61659
1533,trout,-0.58246326,17.349895
1534,red_radishes,-50.660717,24.207745
1535,sanding_sugar,40.76508,-29.695578
1536,pasta_sheets,-32.3279,-33.39659
1537,daal,19.613527,16.833132
1538,refried_black_beans,-57.99877,14.612114
1539,condiment,61.366253,20.643637
1540,baked_beans,-43.283546,-7.0712986
1541,black_mission_figs,17.883127,-29.160583
1542,light_alfredo_sauce,-35.22405,-32.759617
1543,field_peas,-28.11141,5.909445
1544,stilton,4.225279,-29.806177
1545,fresca,-60.802444,18.325377
1546,grappa,27.80468,-29.272877
1547,snapper_fillets,-18.147213,-6.5051036
1548,snappers,-29.020584,23.220615
1549,khoa,33.682602,6.639358
1550,matzo_meal,17.280376,-19.002893
1551,maltose,-15.223916,38.74079
1552,hot_curry_powder,4.809666,15.40074
1553,kefalotyri,0.9601594,-35.557735
1554,cooking_apples,31.906612,-25.37497
1555,batter,25.818367,-17.46277
1556,firm_silken_tofu,-9.766381,44.692318
1557,croissants,35.75741,-30.105774
1558,brisket,-14.937215,28.205961
1559,toasted_baguette,-12.696178,-13.352338
1560,natural_pistachios,25.816172,-34.50563
1561,decorating_sugars,40.388226,-27.866953
1562,litchi,60.386623,14.503565
1563,ranch_style_beans,-55.06734,-3.6060998
1564,kidney,-10.0526085,23.598116
1565,reduced_fat_firm_tofu,11.82385,54.914528
1566,chvre,-25.30516,-11.970914
1567,queso_asadero,-59.795113,7.8306026
1568,pita_chips,-29.33472,-15.341411
1569,cooked_rigatoni,-29.339792,-29.912502
1570,campari,41.087753,-8.0285015
1571,channa_dal,17.31903,15.576262
1572,patis,-3.8092914,35.43801
1573,french_lentils,-10.135475,-21.22519
1574,pita_rounds,-29.445251,-15.685276
1575,meringue,49.94973,-28.659472
1576,chocolate_sauce,50.69171,-22.034925
1577,dried_mixed_herbs,0.3429838,-36.62096
1578,cane_syrup,39.10117,-36.791946
1579,gardenia,58.574528,15.89339
1580,canned_chopped_tomatoes,0.57025623,6.251015
1581,steak_seasoning,-46.879276,-25.72611
1582,celtic_salt,-1.7709391,0.8472128
1583,peppermint_oil,67.42243,3.2309995
1584,baked_potato,72.15089,19.477228
1585,cockles,-12.222404,-6.603366
1586,jerk_seasoning,-7.2333646,23.53181
1587,flat_iron_steaks,-36.38058,26.896658
1588,cabernet_sauvignon,8.633302,-25.02269
1589,frozen_peaches,40.199562,-31.72571
1590,red_chile_sauce,-60.44333,10.315381
1591,bittersweet_chocolate_chips,48.266773,-28.976633
1592,chipotle_sauce,-56.012016,0.26438868
1593,candied_cherries,34.181126,-27.897966
1594,ackee,-9.058594,24.01609
1595,raita,9.041128,10.164613
1596,rajma,19.116583,14.433173
1597,callaloo,-8.80228,20.3529
1598,english_toffee_bits,41.78281,-31.823322
1599,creole_style_seasoning,-42.68602,-30.35955
1600,shaoxing,-3.1546052,48.030415
1601,shirataki,-11.298553,54.077084
1602,refrigerated_fettuccine,-25.960793,-36.341476
1603,king_prawns,12.134836,33.92778
1604,edible_flowers,53.484463,-10.107065
1605,loin,6.8196282,-20.647682
1606,shanks,-7.208657,-18.117409
1607,vinaigrette_dressing,-30.150518,-19.563734
1608,dried_black_mushrooms,-4.911624,44.670082
1609,confit_duck_leg,4.1675377,-17.077393
1610,maldon_sea_salt,-25.29358,-27.084105
1611,drippings,-0.18511382,-36.877483
1612,lotus_roots,-6.63528,48.193974
1613,merlot,9.497262,-24.98228
1614,grana_padano,-14.279577,-28.415815
1615,chocolate_bars,50.5555,-27.842361
1616,red_delicious_apples,5.8887715,-16.622587
1617,mesclun,-10.865941,2.2590518
1618,salted_cashews,-3.3885467,54.55432
1619,stuffing_mix,-44.188602,-27.882767
1620,pomegranate,8.1589155,10.324672
1621,_cut_into_italian_loaf,-35.509617,-20.552902
1622,creme_anglaise,49.91318,-21.895226
1623,frozen_green_beans,0.014311063,5.235996
1624,black_gram,18.376938,14.534276
1625,stew,-9.7600155,26.697912
1626,shiso_leaves,-8.260567,56.072704
1627,biscuit_mix,1.3526381,-37.988518
1628,pace_chunky_salsa,-57.53485,-7.4294047
1629,grape_brandy,63.995132,6.120597
1630,emmenthal,4.214384,-31.731987
1631,furikake,-9.9684515,59.94141
1632,dried_cornhusks,-63.97956,18.397047
1633,striped_bass,-13.02788,-10.234085
1634,sub_buns,-35.681637,-15.590568
1635,pectin,40.16168,-22.064949
1636,lingonberry,62.72613,7.0620213
1637,lily_buds,-5.598958,44.97452
1638,chunky,-58.47014,2.409117
1639,unbleached_flour,38.94269,-27.668316
1640,nam_pla,13.183146,47.09595
1641,cajun_spice_mix,-26.599228,-1.5347224
1642,low_sodium_taco_seasoning,-56.68883,-6.0420465
1643,tart_shells,36.157764,-29.741728
1644,sweet_potatoes_&_yams,36.00346,-39.70919
1645,hard_shelled_clams,-9.480127,-7.500706
1646,gherkins,-3.7142243,-13.770922
1647,diced_tomatoes_and_green_chilies,-50.20773,-4.6931334
1648,pimenton,-3.3582573,-6.378668
1649,small_pasta,-12.768981,-20.90233
1650,peperoncini,-30.396328,-20.213284
1651,crisps,-5.005989,65.808624
1652,frozen_raspberries,47.59488,-19.054466
1653,bisquick_baking_mix,-57.826214,-8.640782
1654,dandelion_greens,-3.1862013,-19.289637
1655,catalina_dressing,-54.64775,-6.6851263
1656,sugar_syrup,41.650505,-5.4717326
1657,gumbo_file,-25.81577,1.1855768
1658,salted_dry_roasted_peanuts,14.291328,48.12057
1659,brine_cured_green_olives,-3.939535,-3.5332482
1660,hash_brown,-46.45582,-11.132094
1661,chia_seeds,52.417473,-8.419132
1662,chapati_flour,20.068441,12.93931
1663,italian_herbs,-31.283022,-26.920101
1664,italian_salad_dressing_mix,-51.83631,-0.9470774
1665,ramen,-5.0445647,49.014793
1666,mixed_mushrooms,-9.304779,48.162464
1667,green_apples,37.5868,-11.244951
1668,amaretto_liqueur,41.735775,-11.132566
1669,wonton_skins,-9.380648,46.638817
1670,cointreau_liqueur,43.816387,-10.261848
1671,ragu,-49.16838,-25.87656
1672,pepperoni_turkei,-36.3323,-29.551203
1673,pies,40.616154,-35.32537
1674,achiote,-53.7954,17.857843
1675,french_dressing,-54.411957,-7.831242
1676,andouille_sausage_links,-25.732883,-0.24401215
1677,confit,1.7610114,-21.85498
1678,garnish,-14.661172,-17.038206
1679,bertolli_alfredo_sauce,-29.606052,-33.12862
1680,pinot_noir,-0.7751017,-21.677835
1681,yakisoba_noodles,-2.0052738,48.470196
1682,grit_quick,-13.399737,-43.05468
1683,custard,44.379723,-27.517536
1684,liquid_aminos,8.968724,52.31722
1685,french_fries,-33.494892,-4.2687826
1686,char_siu,-9.659422,38.74619
1687,somen,-8.807938,57.328373
1688,marshmallows,51.795704,-35.24738
1689,medium_curry_powder,12.581083,27.159914
1690,frozen_sweet_peas,-7.0809216,35.1851
1691,merguez_sausage,-1.2312123,-2.8651407
1692,chipotle_paste,-68.93896,5.633977
1693,steel_cut_oats,33.683067,-34.13635
1694,taco_toppings,-55.85572,-1.0266454
1695,medium_tomatoes,-54.292683,0.48181078
1696,fresh_pasta,-31.609255,-33.686516
1697,portobello_caps,-40.486473,-27.20289
1698,gaeta_olives,-19.60355,-20.3234
1699,sorbet,48.907684,-15.258644
1700,carob,67.316536,8.131365
1701,grenadine_syrup,40.794617,-12.105197
1702,cooking_fat,10.672073,14.323227
1703,hot_chili_paste,11.701371,52.339493
1704,branzino,-14.281109,-9.3621855
1705,bergamot,62.519108,6.0613503
1706,leg_quarters,-1.5587705,22.599821
1707,dried_navy_beans,-11.495151,-20.099974
1708,marzipan,45.713215,-24.088455
1709,pierogi,21.590654,-22.209343
1710,double_crust_pie,39.3454,-44.245
1711,crisco,25.73676,-17.551918
1712,low_fat_spaghetti_sauce,-37.760143,-32.111973
1713,polish_sausage,-31.767826,5.0165224
1714,40_less_sodium_taco_seasoning,-58.133167,-1.3654983
1715,hatch_green_chiles,-58.668648,15.596361
1716,dende_oil,-16.89721,-1.3015814
1717,sugar_substitute,54.40706,-7.769321
1718,banger,1.9625196,-32.777496
1719,cubed_potatoes,15.237326,15.898426
1720,silver,45.884052,-13.072541
1721,halibut_steak,-17.75333,-14.46577
1722,seltzer_water,40.490704,-4.7521167
1723,flat_anchovy,-17.870241,-18.40082
1724,monkfish_fillets,-8.621509,-5.9246955
1725,reduced_sodium_black_beans,-58.613808,5.336335
1726,dried_pappardelle,-11.848039,-26.831017
1727,luke_warm_water,39.804626,-25.673254
1728,coco,-4.6135235,16.93532
1729,taco_seasoning_reduced_sodium,-58.42264,-3.5870624
1730,loaves,-34.880016,-23.294224
1731,baton,15.41124,46.10553
1732,grated_pecorino,-31.036413,-35.2275
1733,quail_eggs,-12.649479,54.460133
1734,soft_shelled_crabs,-22.830612,-5.114399
1735,dark_leafy_greens,-1.3902045,45.229782
1736,organic_sugar,-17.194696,57.00979
1737,cooked_meatballs,-39.324306,-30.890278
1738,pressed_tofu,17.066717,49.254326
1739,old_el_paso_thick_n_chunky_salsa,-57.97563,-7.242651
1740,mixed_nuts,35.766132,-27.577564
1741,green_split_peas,-1.2505412,22.38334
1742,chunky_pasta_sauce,-40.20872,-31.858566
1743,burrata,-24.287155,-23.934122
1744,goat,-54.610416,24.73426
1745,sirloin_tip,-27.785498,41.422703
1746,lardons,0.7329225,-22.58158
1747,kochujang,-15.429096,52.263073
1748,amaretti,28.621092,-29.096092
1749,sicilian_olives,-17.36449,-19.371523
1750,perciatelli,-30.55226,-33.84438
1751,flanken_short_ribs,-16.298502,48.918728
1752,pappardelle_pasta,-12.137611,-26.561026
1753,brats,5.4783735,-16.712109
1754,chenpi,0.5123953,40.59838
1755,reduced_sodium_tamari_sauce,-4.7035375,56.18408
1756,tubetti,-11.013373,-22.219454
1757,mini_chocolate_chips,48.915836,-26.505983
1758,pickled_jalapeno_peppers,-64.6789,12.657221
1759,anjou_pears,36.86015,-17.16393
1760,yukon_gold,-19.615507,-21.344814
1761,oreo_cookies,51.70304,-27.14274
1762,free_range_chickens,10.839516,9.121721
1763,pickle_juice,-32.99284,-5.990337
1764,catsup,-34.971375,17.021173
1765,cola,23.914341,-7.7453027
1766,tripe,-2.7187915,34.351967
1767,red_bell_pepper,-66.86987,-13.365187
1768,maple_sugar,35.924366,-37.807022
1769,black_raspberry,63.296352,4.671032
1770,chambord,44.042862,-12.596758
1771,deep_dish_pie_crust,41.853397,-42.52248
1772,chopped_leaves,-2.3924458,-19.950449
1773,seasoning_mix,-50.369366,-7.1710496
1774,frozen_limeade,44.25154,-8.356689
1775,drumstick,-53.040615,23.561008
1776,pancake,-9.56913,39.57094
1777,frozen_vegetables,4.246725,15.428935
1778,_sliced,-66.865715,-13.381128
1779,short_pasta,-28.046633,-25.125767
1780,diced_pimentos,-9.30234,-43.87306
1781,icing,42.560413,-29.841076
1782,snails,-0.039556157,-25.574547
1783,roasted_pistachios,47.582752,-22.237452
1784,pomegranate_molasses,4.103201,-0.7638653
1785,black_treacle,34.78293,-23.792107
1786,goji_berries,53.265606,-6.9615664
1787,vin_santo,42.092167,-17.29267
1788,bass_fillets,-14.815605,-8.999337
1789,balsamico_bianco,-29.064941,-17.100193
1790,haas_avocados,-55.577087,8.608005
1791,mission_figs,20.98309,-29.146759
1792,agar,51.402588,-31.995922
1793,cake_mix,44.435394,-29.092731
1794,black,-10.088145,31.418827
1795,dry_rub,-46.61684,15.336187
1796,mitsuba,-10.321215,56.34324
1797,hot_green_chile,8.788376,12.915637
1798,crushed_graham_crackers,54.837296,-30.355055
1799,mature_cheddar,-36.184048,-40.66474
1800,white_peaches,39.316914,-19.958477
1801,capicola,-31.746227,-21.26935
1802,crostini,-28.204826,-19.96849
1803,lemonade,44.715576,-11.056856
1804,fresh_chili,-20.395592,44.980732
1805,cornbread_stuffing_mix,-11.750318,-45.873226
1806,tenderloin,-13.079389,14.796496
1807,elbow_pasta,-45.053726,-28.816631
1808,sandwiches,-12.034479,28.875397
1809,roasted_chestnuts,17.400032,-27.21882
1810,vegan_margarine,29.31822,-18.562218
1811,kalonji,24.038553,10.525879
1812,_thaw,48.20032,-16.462492
1813,frozen_pound_cake,49.160492,-17.464754
1814,porterhouse_steaks,-24.190638,23.97957
1815,unsweetened_soymilk,18.205534,6.012132
1816,dried_chives,18.14122,-4.164179
1817,smoked_fish,54.583683,21.370132
1818,split_peas,10.50734,15.232066
1819,dried_dates,28.72995,-22.47603
1820,diced_potatoes,-22.778244,-4.498335
1821,casings,-42.797462,-32.066227
1822,polenta_prepar,-35.906937,-28.232502
1823,accent_seasoning,-5.3130345,36.32028
1824,massaman_curry_paste,15.527273,41.417194
1825,yellow_chives,-8.627626,43.812737
1826,kewpie_mayonnaise,-16.008194,54.58251
1827,satsuma_imo,-15.717893,56.28825
1828,challa,32.825714,-38.16762
1829,tart,19.57408,-24.652002
1830,seasoned_flour,-7.684889,-42.74618
1831,caper_berries,-19.155735,-19.063074
1832,baby_eggplants,-24.841984,21.635138
1833,crusty_rolls,-21.313412,-11.56968
1834,sponge,40.79866,-24.076038
1835,posole,-58.287174,20.359978
1836,gyoza_skins,-11.0818,47.535236
1837,fromage_blanc,43.83642,-17.504978
1838,campanelle,-22.793514,-26.079987
1839,uncooked_ziti,-38.343388,-33.27353
1840,violet,65.96735,2.7769442
1841,harissa_sauce,-1.8053601,0.19952148
1842,lychees,51.206394,-6.814158
1843,frozen_whip_topping,48.20614,-16.452162
1844,roasted_white_sesame_seeds,-12.398371,52.769638
1845,cornflake_crumbs,-9.854005,-44.98509
1846,chocolate_curls,52.46677,-24.638355
1847,sauterne,41.77277,-15.8142185
1848,hellmanns_real_mayonnaise,-30.001667,-6.3764133
1849,duck_breast_halves,37.746994,-8.886566
1850,squirt,14.707467,48.5815
1851,mild_curry_paste,8.7962055,11.6705265
1852,rouille,-9.601192,-8.547821
1853,safflower,-13.89431,35.583973
1854,low_sodium_teriyaki_sauce,-2.0815926,49.690037
1855,chocolate_candy_bars,46.975792,-30.200226
1856,pie_filling,44.65962,-30.631615
1857,tri_tip_roast,-55.88454,7.5949
1858,neufchtel,-38.67827,-26.15395
1859,southern_comfort,42.629673,-13.10638
1860,doenzang,-12.0113735,50.826435
1861,queso_anejo,-59.378582,20.04746
1862,venison,-4.1693964,22.627842
1863,mild_salsa,-55.589493,4.194225
1864,filet_mignon_steaks,0.8286043,-26.03588
1865,crumbled_cornbread,-10.885719,-45.23516
1866,cooked_vermicelli,-37.28699,-34.17275
1867,spelt,-14.677528,-23.994047
1868,ritz_crackers,-31.75131,-7.121056
1869,dri_leav_rosemari,-38.012665,-14.251525
1870,hemp_seeds,52.609253,-9.282653
1871,broiler_fryers,-31.263115,-0.28201106
1872,_well_scrub,-12.734458,-6.323779
1873,panettone,28.139133,-27.935078
1874,calamata_olives,-21.458193,-24.084673
1875,wafer,7.557238,13.18106
1876,gluten_free_tamari,-2.9313161,56.27441
1877,bows,-37.83334,-29.094965
1878,prepared_pasta_sauce,-38.4517,-30.454615
1879,balm,8.676218,49.590836
1880,peperoncino,-18.83199,-22.985697
1881,instant_espresso_granules,53.439285,-24.053291
1882,herdez_salsa_verde,-52.285477,10.939286
1883,vegan_mayonnaise,6.2770495,53.997746
1884,fudge_brownie_mix,53.7998,-36.774563
1885,peaches_in_heavy_syrup,44.458252,-31.627365
1886,lasagne,-36.669983,-38.88519
1887,low_sodium_black_beans,-57.892242,5.0906353
1888,_well_scrubbed,-11.557825,-6.104207
1889,fresh_chile,0.32115817,18.559208
1890,prepared_guacamole,-59.938602,4.881715
1891,jack_daniels,23.29001,-8.94097
1892,nuoc_mam,7.9693747,51.86913
1893,sandwich_buns,-35.355625,-12.599648
1894,vermouth,-20.984083,-7.141389
1895,frying_oil,37.904064,-24.077948
1896,sweet_gherkin,0.21123838,-16.53389
1897,medium_salsa,-58.66294,4.7077055
1898,pean,-19.956612,-29.697538
1899,balsamic_reduction,-26.26428,-25.799154
1900,splenda_no_calorie_sweetener,-65.94933,12.484275
1901,mixed_peel,33.554855,-25.87904
1902,sambal_chile_paste,-9.416681,37.894585
1903,johnsonville_andouille,-31.167831,3.1556084
1904,jerk_sauce,-65.43887,7.6911826
1905,golden_beets,-27.757696,-18.973967
1906,liquor,35.919518,-10.271693
1907,shredded_colby,-60.11612,-6.231272
1908,self_raising_flour,33.17073,-24.620077
1909,fideos,-8.539186,-7.5025806
1910,pasta_shell_small,-43.37588,-24.322659
1911,bottle_gourd,18.7749,15.268495
1912,smoked_sea_salt,-41.97218,-13.341846
1913,satsumas,42.64365,-15.935863
1914,pickled_beets,-21.94488,-14.278982
1915,wax_beans,-7.643433,5.4837246
1916,mahimahi,-54.547844,9.0702505
1917,shimeji_mushrooms,-11.875473,51.80918
1918,dried_scallops,-8.128321,43.29214
1919,manicotti,-39.883858,-34.933277
1920,kimchi_juice,-14.099297,50.820797
1921,limoncello,43.884827,-15.029756
1922,uncooked_rigatoni,-37.87845,-32.95884
1923,dried_udon,-11.053281,52.66227
1924,toasted_pumpkinseeds,-62.670807,11.232992
1925,pearl_couscous,3.8512576,-2.1356328
1926,fines_herbes,-41.637074,-30.54153
1927,toasted_cashews,6.5704117,15.641162
1928,kewra_water,26.997189,15.697608
1929,round_loaf,-15.670343,-24.103771
1930,pepperidge_farm_puff_pastry,-56.721104,-8.565527
1931,demi_glace,3.3023658,-26.167356
1932,yuzu,-11.262987,58.006027
1933,dark_chocolate_chip,50.094948,-30.093397
1934,espresso_powder,48.938217,-27.565765
1935,adzuki_beans,46.510437,-28.10281
1936,blackening_seasoning,-25.739588,-2.5788338
1937,burger_buns,-41.663467,-13.364914
1938,grenadine,42.08915,-7.4373794
1939,flaked,-20.034204,24.627748
1940,dijon,-21.287216,-20.896837
1941,red_apples,28.340971,-7.812104
1942,hard_salami,-32.324615,-20.54626
1943,bechamel,0.927019,-36.721333
1944,spam,-15.875607,46.07247
1945,sugar_cane,41.74049,-3.9097924
1946,other_vegetables,-10.279063,27.819118
1947,sourdough_loaf,-15.958531,-27.220045
1948,borlotti_beans,-11.496725,-21.148003
1949,(10_oz.)_frozen_chopped_spinach,-45.24979,-32.357338
1950,black_fungus,-5.9899507,45.95063
1951,sago,20.748009,14.605479
1952,tortilla_wraps,-57.418396,3.4063885
1953,crme_de_cassis,45.43126,-15.024113
1954,elderberry,64.568634,5.364612
1955,mo_hanh,8.403169,52.092434
1956,raw_cane_sugar,43.733604,-21.915165
1957,tapioca_pearls,19.949207,47.372185
1958,fine_granulated_sugar,44.69311,-25.390207
1959,flavored_syrup,47.19954,-14.844599
1960,fresh_angel_hair,-16.89527,-8.248535
1961,prego_traditional_italian_sauce,-38.752518,-29.866251
1962,twists,41.54697,-6.850498
1963,espresso_beans,52.98774,-26.350313
1964,red_swiss_chard,-1.193077,3.4034967
1965,dulce_de_leche,45.67156,-30.26461
1966,chinese_sesame_paste,-1.5496399,44.208298
1967,pita_loaves,-17.780342,-15.324154
1968,starchy_potatoes,0.70516425,-12.3255415
1969,angel_food_cake,51.33846,-24.600502
1970,flaxseed,41.891037,-24.734524
1971,small_capers,-44.67594,-1.8368899
1972,bouquet,-7.8223157,-9.286428
1973,caster,44.75706,-21.969608
1974,frozen_hash_browns,-46.45679,-10.87685
1975,miniature_semisweet_chocolate_chips,45.5923,-31.20336
1976,boston_butt,-36.68333,16.128738
1977,smoked_kielbasa,-7.3577566,-18.74836
1978,jamaican_jerk_spice,-50.668568,19.439857
1979,pasilla,-58.88529,19.882402
1980,hog_casings,-1.3511783,-8.528924
1981,taco_bell_home_originals,-58.305233,-2.159246
1982,globe_eggplant,-27.196323,-27.640768
1983,red_gold_diced_tomatoes,-31.046621,3.1356077
1984,schmaltz,-25.617289,1.8171103
1985,piment_despelette,-0.8929379,-14.280706
1986,grill_seasoning,-20.027739,16.100925
1987,gluten_free_all_purpose_flour,28.110415,-18.72097
1988,idli,18.088999,15.292996
1989,brown_gravy_mix,-48.930317,-5.7036295
1990,frozen_pizza_dough,-35.975067,-27.130878
1991,ragu_cheesi_classic_alfredo_sauc,-52.51589,-8.230905
1992,baking_spray,39.720486,-29.094664
1993,dried_chile_peppers,-24.182922,7.0032063
1994,kraft_miracle_whip_dressing,-43.651115,-9.2879715
1995,gremolata,-2.4932582,-22.25821
1996,kefir,22.843588,9.099248
1997,chiffonade,-11.282192,59.18625
1998,herdez_salsa_casera,-52.36527,10.712921
1999,pastry_flour,39.253952,-29.808315
2000,cooking_liquid,-4.7299223,15.959433
2001,tapioca,18.496126,50.218033
2002,fregola,-16.79655,-19.883661
2003,pork_liver,69.721176,27.89729
2004,waffle,33.140995,-17.0022
2005,rioja,-2.6917095,-7.770383
2006,nuoc_nam,10.161111,48.41035
2007,sushi_nori,-8.632321,60.502266
2008,sofrito,-52.089,15.783364
2009,nopalitos,-62.80352,13.095476
2010,pappadams,7.8541913,13.681811
2011,sazon_seasoning,-52.875282,16.342846
2012,pot_roast,-51.664646,4.541082
2013,persimmon,2.3934073,24.286531
2014,compote,48.261806,-20.87488
2015,truffles,3.516768,-28.761736
2016,tandoori_seasoning,9.353938,11.299071
2017,wholemeal_flour,23.80634,10.242113
2018,old_el_paso_flour_tortillas,-57.473476,1.1881917
2019,millet,23.037434,11.837512
2020,rounds,-10.028936,53.287823
2021,bone_broth,1.9756353,25.678265
2022,cube_steaks,-7.2141523,-43.537693
2023,sliced_green_olives,-35.90291,-25.781767
2024,seitan,0.13678129,30.720978
2025,buttercream_frosting,43.341686,-30.790903
2026,gouda,-10.228049,-42.512047
2027,boar,-3.1425498,-23.349638
2028,broad_beans,-5.8549643,-2.5829113
2029,soaking_liquid,-6.2942934,46.7901
2030,aai_powder,51.320343,-8.641529
2031,red_vermouth,-19.12797,-7.989833
2032,kraft_zesty_italian_dressing,-54.81145,-10.05131
2033,soft_taco_size_flour_tortillas,-54.381416,5.1153674
2034,fresh_mozzarella_balls,-26.79976,-26.516117
2035,assorted_fresh_vegetables,-27.216942,23.156261
2036,greek_style_vinaigrette,-29.7535,-16.611221
2037,rome_apples,22.287685,-27.072227
2038,lea_&_perrins_worcestershire_sauce,-8.696641,36.21571
2039,self_rising_cake_flour,42.401463,-22.333158
2040,pink_beans,-56.010086,-2.5574403
2041,porridge_oats,34.506145,-23.47685
2042,petite_peas,-37.45124,-4.6803875
2043,shortbread_cookies,44.915325,-16.166023
2044,promise_buttery_spread,-58.131447,6.924082
2045,sirloin_tip_roast,-19.690716,44.11029
2046,cornflakes,-8.674335,-44.733746
2047,jerk_marinade,26.334454,-7.192612
2048,heinz_chili_sauce,-38.895817,-13.898554
2049,tandoori_paste,-53.571877,6.062761
2050,light_red_kidney_beans,-50.223312,-4.9886417
2051,ahi,-9.59994,59.06282
2052,dried_thai_chili,3.3477912,39.59936
2053,frozen_mixed_thawed_vegetables,-43.276134,-30.610157
2054,basmati,-24.863258,7.0155334
2055,roasted_almonds,-16.538816,-22.511173
2056,meatloaf,-42.67216,-33.606743
2057,sweet_potatoes_or_yams,-64.53442,9.353109
2058,collard_green_leaves,-27.26329,7.0623765
2059,spelt_flour,21.280474,10.242586
2060,ground_chile,-51.506893,24.765755
2061,edam,42.04733,-27.872519
2062,splenda_brown_sugar_blend,-66.15243,10.641581
2063,emerils_original_essence,-24.114807,1.6675361
2064,chinese_rock_sugar,0.11876536,40.18351
2065,_undrain,-57.03089,-3.811537
2066,margarita_mix,44.28798,-7.342338
2067,sauvignon_blanc,-8.019016,-23.996891
2068,jerusalem_artichokes,2.927054,-14.831273
2069,spring!_water,40.136703,-22.747656
2070,sooji,22.603321,13.870067
2071,40_less_sodium_taco_seasoning_mix,-57.446915,-2.8462408
2072,burgers,-37.218246,-15.398706
2073,sorghum_syrup,39.26213,-37.77981
2074,pancake_mix,-14.739686,50.10786
2075,uncooked_vermicelli,-25.769217,-7.586689
2076,bulb,6.8348713,42.230022
2077,cocktail_sauce,-24.217394,-2.5469053
2078,custard_powder,41.079662,-28.176657
2079,vegan_worcestershire_sauce,-33.99015,3.6129918
2080,chili_seasoning,-44.74683,-7.2764745
2081,peeled_prawns,6.302942,45.6304
2082,shredded_nori,-11.312209,52.983356
2083,tom_yum_paste,11.104596,44.26937
2084,carnation,66.218864,1.43389
2085,low_moisture_mozzarella,-32.6278,-31.330002
2086,chop_green_chilies,-57.064686,-3.800451
